Temperatur_K,Druck_bar,Lambda,Phi,EGR_Rate,Zuendverzug_s
700.0,30.0,0.8,1.25,0.0,0.0027870164691772047
700.0,30.0,0.8,1.25,0.09999999999999999,7.760527417789496e-18
700.0,30.0,0.8,1.25,0.19999999999999998,5.845178631608931e-18
700.0,30.0,0.8,1.25,0.3,5.123631298354161e-18
700.0,30.0,0.8,1.25,0.39999999999999997,4.812783718280626e-18
700.0,30.0,0.8,1.25,0.49999999999999994,4.735124202798885e-18
700.0,30.0,0.8,1.25,0.6,4.85266580492e-18
700.0,30.0,1.2666666666666666,0.7894736842105263,0.0,0.0032532967540442686
700.0,30.0,1.2666666666666666,0.7894736842105263,0.09999999999999999,9.72759994269322e-18
700.0,30.0,1.2666666666666666,0.7894736842105263,0.19999999999999998,7.317640827540446e-18
700.0,30.0,1.2666666666666666,0.7894736842105263,0.3,6.406454881710745e-18
700.0,30.0,1.2666666666666666,0.7894736842105263,0.39999999999999997,6.010497822780541e-18
700.0,30.0,1.2666666666666666,0.7894736842105263,0.49999999999999994,5.906457782961108e-18
700.0,30.0,1.2666666666666666,0.7894736842105263,0.6,6.045956497360231e-18
700.0,30.0,1.7333333333333334,0.5769230769230769,0.0,0.0042460515961886105
700.0,30.0,1.7333333333333334,0.5769230769230769,0.09999999999999999,1.1358988312693484e-17
700.0,30.0,1.7333333333333334,0.5769230769230769,0.19999999999999998,8.53988415181119e-18
700.0,30.0,1.7333333333333334,0.5769230769230769,0.3,7.472197174949043e-18
700.0,30.0,1.7333333333333334,0.5769230769230769,0.39999999999999997,7.006374314604675e-18
700.0,30.0,1.7333333333333334,0.5769230769230769,0.49999999999999994,6.8812125288986644e-18
700.0,30.0,1.7333333333333334,0.5769230769230769,0.6,7.039802164954984e-18
700.0,30.0,2.2,0.45454545454545453,0.0,0.0069754551870689786
700.0,30.0,2.2,0.45454545454545453,0.09999999999999999,1.2783858194251413e-17
700.0,30.0,2.2,0.45454545454545453,0.19999999999999998,9.607880899127806e-18
700.0,30.0,2.2,0.45454545454545453,0.3,8.403856084633853e-18
700.0,30.0,2.2,0.45454545454545453,0.39999999999999997,7.87733952518581e-18
700.0,30.0,2.2,0.45454545454545453,0.49999999999999994,7.734075781490767e-18
700.0,30.0,2.2,0.45454545454545453,0.6,7.909743300223934e-18
700.0,30.0,2.666666666666667,0.37499999999999994,0.0,0.012968049322569635
700.0,30.0,2.666666666666667,0.37499999999999994,0.09999999999999999,1.4065114474242672e-17
700.0,30.0,2.666666666666667,0.37499999999999994,0.19999999999999998,1.05684970273589e-17
700.0,30.0,2.666666666666667,0.37499999999999994,0.3,9.242070307088043e-18
700.0,30.0,2.666666666666667,0.37499999999999994,0.39999999999999997,8.661158984440658e-18
700.0,30.0,2.666666666666667,0.37499999999999994,0.49999999999999994,8.501809837899936e-18
700.0,30.0,2.666666666666667,0.37499999999999994,0.6,8.693058358780868e-18
700.0,30.0,3.1333333333333337,0.3191489361702127,0.0,0.023541709956949517
700.0,30.0,3.1333333333333337,0.3191489361702127,0.09999999999999999,1.5239024247515732e-17
700.0,30.0,3.1333333333333337,0.3191489361702127,0.19999999999999998,1.1448793974160026e-17
700.0,30.0,3.1333333333333337,0.3191489361702127,0.3,1.0010341154580068e-17
700.0,30.0,3.1333333333333337,0.3191489361702127,0.39999999999999997,9.379705321195313e-18
700.0,30.0,3.1333333333333337,0.3191489361702127,0.49999999999999994,9.205738039167862e-18
700.0,30.0,3.1333333333333337,0.3191489361702127,0.6,
700.0,30.0,3.5999999999999996,0.2777777777777778,0.0,0.03963895182206477
700.0,30.0,3.5999999999999996,0.2777777777777778,0.09999999999999999,1.6328756072009706e-17
700.0,30.0,3.5999999999999996,0.2777777777777778,0.19999999999999998,1.2266076695840109e-17
700.0,30.0,3.5999999999999996,0.2777777777777778,0.3,1.0723711880734227e-17
700.0,30.0,3.5999999999999996,0.2777777777777778,0.39999999999999997,1.0046993026331913e-17
700.0,30.0,3.5999999999999996,0.2777777777777778,0.49999999999999994,
700.0,30.0,3.5999999999999996,0.2777777777777778,0.6,
700.0,30.0,4.066666666666666,0.24590163934426232,0.0,0.06184655061743367
700.0,30.0,4.066666666666666,0.24590163934426232,0.09999999999999999,1.7350178376662745e-17
700.0,30.0,4.066666666666666,0.24590163934426232,0.19999999999999998,1.303220593582302e-17
700.0,30.0,4.066666666666666,0.24590163934426232,0.3,1.139250029497131e-17
700.0,30.0,4.066666666666666,0.24590163934426232,0.39999999999999997,
700.0,30.0,4.066666666666666,0.24590163934426232,0.49999999999999994,
700.0,30.0,4.066666666666666,0.24590163934426232,0.6,
700.0,30.0,4.533333333333333,0.22058823529411764,0.0,0.09044677866524775
700.0,30.0,4.533333333333333,0.22058823529411764,0.09999999999999999,1.831472370921377e-17
700.0,30.0,4.533333333333333,0.22058823529411764,0.19999999999999998,1.3755731372746774e-17
700.0,30.0,4.533333333333333,0.22058823529411764,0.3,
700.0,30.0,4.533333333333333,0.22058823529411764,0.39999999999999997,
700.0,30.0,4.533333333333333,0.22058823529411764,0.49999999999999994,
700.0,30.0,4.533333333333333,0.22058823529411764,0.6,
700.0,30.0,5.0,0.2,0.0,0.12549562395082997
700.0,30.0,5.0,0.2,0.09999999999999999,1.9230952118594095e-17
700.0,30.0,5.0,0.2,0.19999999999999998,
700.0,30.0,5.0,0.2,0.3,
700.0,30.0,5.0,0.2,0.39999999999999997,
700.0,30.0,5.0,0.2,0.49999999999999994,
700.0,30.0,5.0,0.2,0.6,
700.0,50.0,0.8,1.25,0.0,0.0017853789813481694
700.0,50.0,0.8,1.25,0.09999999999999999,6.0112786893769536e-18
700.0,50.0,0.8,1.25,0.19999999999999998,4.527655899165769e-18
700.0,50.0,0.8,1.25,0.3,3.96874773812655e-18
700.0,50.0,0.8,1.25,0.39999999999999997,3.727966237959814e-18
700.0,50.0,0.8,1.25,0.49999999999999994,3.6678114359327506e-18
700.0,50.0,0.8,1.25,0.6,3.758858769433074e-18
700.0,50.0,1.2666666666666666,0.7894736842105263,0.0,0.002101900519549921
700.0,50.0,1.2666666666666666,0.7894736842105263,0.09999999999999999,7.53496651532381e-18
700.0,50.0,1.2666666666666666,0.7894736842105263,0.19999999999999998,5.668220211718321e-18
700.0,50.0,1.2666666666666666,0.7894736842105263,0.3,4.962418613018983e-18
700.0,50.0,1.2666666666666666,0.7894736842105263,0.39999999999999997,4.655711594008995e-18
700.0,50.0,1.2666666666666666,0.7894736842105263,0.49999999999999994,4.575122525697111e-18
700.0,50.0,1.2666666666666666,0.7894736842105263,0.6,4.683177765234139e-18
700.0,50.0,1.7333333333333334,0.5769230769230769,0.0,0.0028416538535583646
700.0,50.0,1.7333333333333334,0.5769230769230769,0.09999999999999999,8.798634512965309e-18
700.0,50.0,1.7333333333333334,0.5769230769230769,0.19999999999999998,6.614965819701077e-18
700.0,50.0,1.7333333333333334,0.5769230769230769,0.3,5.78793904363115e-18
700.0,50.0,1.7333333333333334,0.5769230769230769,0.39999999999999997,5.427114207551863e-18
700.0,50.0,1.7333333333333334,0.5769230769230769,0.49999999999999994,5.3301643052276694e-18
700.0,50.0,1.7333333333333334,0.5769230769230769,0.6,5.4530073090931145e-18
700.0,50.0,2.2,0.45454545454545453,0.0,0.0048571838236931
700.0,50.0,2.2,0.45454545454545453,0.09999999999999999,9.90233397732259e-18
700.0,50.0,2.2,0.45454545454545453,0.19999999999999998,7.442232542933267e-18
700.0,50.0,2.2,0.45454545454545453,0.3,6.509598931942155e-18
700.0,50.0,2.2,0.45454545454545453,0.39999999999999997,6.1017609586932184e-18
700.0,50.0,2.2,0.45454545454545453,0.49999999999999994,5.990789340003969e-18
700.0,50.0,2.2,0.45454545454545453,0.6,6.1268608149085966e-18
700.0,50.0,2.666666666666667,0.37499999999999994,0.0,0.00918246998701166
700.0,50.0,2.666666666666667,0.37499999999999994,0.09999999999999999,1.0894790824248551e-17
700.0,50.0,2.666666666666667,0.37499999999999994,0.19999999999999998,8.186322596280723e-18
700.0,50.0,2.666666666666667,0.37499999999999994,0.3,7.158876876766012e-18
700.0,50.0,2.666666666666667,0.37499999999999994,0.39999999999999997,6.708904901118683e-18
700.0,50.0,2.666666666666667,0.37499999999999994,0.49999999999999994,6.585473582961764e-18
700.0,50.0,2.666666666666667,0.37499999999999994,0.6,6.7336140502334956e-18
700.0,50.0,3.1333333333333337,0.3191489361702127,0.0,0.016703412341991093
700.0,50.0,3.1333333333333337,0.3191489361702127,0.09999999999999999,1.1804097424615886e-17
700.0,50.0,3.1333333333333337,0.3191489361702127,0.19999999999999998,8.868197679216322e-18
700.0,50.0,3.1333333333333337,0.3191489361702127,0.3,7.753976916308667e-18
700.0,50.0,3.1333333333333337,0.3191489361702127,0.39999999999999997,7.265488500264508e-18
700.0,50.0,3.1333333333333337,0.3191489361702127,0.49999999999999994,7.13073402304905e-18
700.0,50.0,3.1333333333333337,0.3191489361702127,0.6,
700.0,50.0,3.5999999999999996,0.2777777777777778,0.0,0.02806555785495916
700.0,50.0,3.5999999999999996,0.2777777777777778,0.09999999999999999,1.2648200066235363e-17
700.0,50.0,3.5999999999999996,0.2777777777777778,0.19999999999999998,9.501262153258329e-18
700.0,50.0,3.5999999999999996,0.2777777777777778,0.3,8.306551504722055e-18
700.0,50.0,3.5999999999999996,0.2777777777777778,0.39999999999999997,7.782367334089112e-18
700.0,50.0,3.5999999999999996,0.2777777777777778,0.49999999999999994,7.637163943706546e-18
700.0,50.0,3.5999999999999996,0.2777777777777778,0.6,
700.0,50.0,4.066666666666666,0.24590163934426232,0.0,0.04368408829757944
700.0,50.0,4.066666666666666,0.24590163934426232,0.09999999999999999,1.343939038130857e-17
700.0,50.0,4.066666666666666,0.24590163934426232,0.19999999999999998,1.0094703310757601e-17
700.0,50.0,4.066666666666666,0.24590163934426232,0.3,8.824592782817395e-18
700.0,50.0,4.066666666666666,0.24590163934426232,0.39999999999999997,8.266992167524942e-18
700.0,50.0,4.066666666666666,0.24590163934426232,0.49999999999999994,
700.0,50.0,4.066666666666666,0.24590163934426232,0.6,
700.0,50.0,4.533333333333333,0.22058823529411764,0.0,0.06377988836287815
700.0,50.0,4.533333333333333,0.22058823529411764,0.09999999999999999,1.4186523983235012e-17
700.0,50.0,4.533333333333333,0.22058823529411764,0.19999999999999998,1.0655143704310227e-17
700.0,50.0,4.533333333333333,0.22058823529411764,0.3,9.313864808150559e-18
700.0,50.0,4.533333333333333,0.22058823529411764,0.39999999999999997,
700.0,50.0,4.533333333333333,0.22058823529411764,0.49999999999999994,
700.0,50.0,4.533333333333333,0.22058823529411764,0.6,
700.0,50.0,5.0,0.2,0.0,0.0884078819120501
700.0,50.0,5.0,0.2,0.09999999999999999,1.4896231457405432e-17
700.0,50.0,5.0,0.2,0.19999999999999998,1.118754395686485e-17
700.0,50.0,5.0,0.2,0.3,
700.0,50.0,5.0,0.2,0.39999999999999997,
700.0,50.0,5.0,0.2,0.49999999999999994,
700.0,50.0,5.0,0.2,0.6,
700.0,70.0,0.8,1.25,0.0,0.0013591196948328683
700.0,70.0,0.8,1.25,0.09999999999999999,5.080457760685792e-18
700.0,70.0,0.8,1.25,0.19999999999999998,3.826567647126618e-18
700.0,70.0,0.8,1.25,0.3,3.35420403682183e-18
700.0,70.0,0.8,1.25,0.39999999999999997,3.150706527495998e-18
700.0,70.0,0.8,1.25,0.49999999999999994,3.0998664406204734e-18
700.0,70.0,0.8,1.25,0.6,3.176815481909958e-18
700.0,70.0,1.2666666666666666,0.7894736842105263,0.0,0.0016147453966175644
700.0,70.0,1.2666666666666666,0.7894736842105263,0.09999999999999999,6.3682090096628235e-18
700.0,70.0,1.2666666666666666,0.7894736842105263,0.19999999999999998,4.7905204286719135e-18
700.0,70.0,1.2666666666666666,0.7894736842105263,0.3,4.194009204536978e-18
700.0,70.0,1.2666666666666666,0.7894736842105263,0.39999999999999997,3.934794462465586e-18
700.0,70.0,1.2666666666666666,0.7894736842105263,0.49999999999999994,3.8666842684971905e-18
700.0,70.0,1.2666666666666666,0.7894736842105263,0.6,3.958007613937619e-18
700.0,70.0,1.7333333333333334,0.5769230769230769,0.0,0.002244071785118909
700.0,70.0,1.7333333333333334,0.5769230769230769,0.09999999999999999,7.4362033944338e-18
700.0,70.0,1.7333333333333334,0.5769230769230769,0.19999999999999998,5.590666507404074e-18
700.0,70.0,1.7333333333333334,0.5769230769230769,0.3,4.8917013088341674e-18
700.0,70.0,1.7333333333333334,0.5769230769230769,0.39999999999999997,4.586748663410038e-18
700.0,70.0,1.7333333333333334,0.5769230769230769,0.49999999999999994,4.504811040965233e-18
700.0,70.0,1.7333333333333334,0.5769230769230769,0.6,4.608632328345745e-18
700.0,70.0,2.2,0.45454545454545453,0.0,0.003931982432481851
700.0,70.0,2.2,0.45454545454545453,0.09999999999999999,8.36899969267694e-18
700.0,70.0,2.2,0.45454545454545453,0.19999999999999998,6.289834498339078e-18
700.0,70.0,2.2,0.45454545454545453,0.3,5.501615233907121e-18
700.0,70.0,2.2,0.45454545454545453,0.39999999999999997,5.1569292355759255e-18
700.0,70.0,2.2,0.45454545454545453,0.49999999999999994,5.063141099886597e-18
700.0,70.0,2.2,0.45454545454545453,0.6,5.178142485849427e-18
700.0,70.0,2.666666666666667,0.37499999999999994,0.0,0.0074826503335003606
700.0,70.0,2.666666666666667,0.37499999999999994,0.09999999999999999,9.207778819490865e-18
700.0,70.0,2.666666666666667,0.37499999999999994,0.19999999999999998,6.918705372826849e-18
700.0,70.0,2.666666666666667,0.37499999999999994,0.3,6.0503552514763906e-18
700.0,70.0,2.666666666666667,0.37499999999999994,0.39999999999999997,5.670059521749453e-18
700.0,70.0,2.666666666666667,0.37499999999999994,0.49999999999999994,5.565741018042383e-18
700.0,70.0,2.666666666666667,0.37499999999999994,0.6,5.6909425642545584e-18
700.0,70.0,3.1333333333333337,0.3191489361702127,0.0,0.013584294516574984
700.0,70.0,3.1333333333333337,0.3191489361702127,0.09999999999999999,9.976283161644042e-18
700.0,70.0,3.1333333333333337,0.3191489361702127,0.19999999999999998,7.494995000363232e-18
700.0,70.0,3.1333333333333337,0.3191489361702127,0.3,6.553306581884972e-18
700.0,70.0,3.1333333333333337,0.3191489361702127,0.39999999999999997,6.140458518679657e-18
700.0,70.0,3.1333333333333337,0.3191489361702127,0.49999999999999994,6.026570198917296e-18
700.0,70.0,3.1333333333333337,0.3191489361702127,0.6,6.1612088858867305e-18
700.0,70.0,3.5999999999999996,0.2777777777777778,0.0,0.022745517807324204
700.0,70.0,3.5999999999999996,0.2777777777777778,0.09999999999999999,1.0689680100636323e-17
700.0,70.0,3.5999999999999996,0.2777777777777778,0.19999999999999998,8.030032134117302e-18
700.0,70.0,3.5999999999999996,0.2777777777777778,0.3,7.020317346337406e-18
700.0,70.0,3.5999999999999996,0.2777777777777778,0.39999999999999997,6.577300864265635e-18
700.0,70.0,3.5999999999999996,0.2777777777777778,0.49999999999999994,6.4545816010828045e-18
700.0,70.0,3.5999999999999996,0.2777777777777778,0.6,
700.0,70.0,4.066666666666666,0.24590163934426232,0.0,0.035301276297261326
700.0,70.0,4.066666666666666,0.24590163934426232,0.09999999999999999,1.1358357961720438e-17
700.0,70.0,4.066666666666666,0.24590163934426232,0.19999999999999998,8.531581453308829e-18
700.0,70.0,4.066666666666666,0.24590163934426232,0.3,7.45814213664468e-18
700.0,70.0,4.066666666666666,0.24590163934426232,0.39999999999999997,6.986883604191028e-18
700.0,70.0,4.066666666666666,0.24590163934426232,0.49999999999999994,
700.0,70.0,4.066666666666666,0.24590163934426232,0.6,
700.0,70.0,4.533333333333333,0.22058823529411764,0.0,0.05143949595067092
700.0,70.0,4.533333333333333,0.22058823529411764,0.09999999999999999,1.1989801104239213e-17
700.0,70.0,4.533333333333333,0.22058823529411764,0.19999999999999998,9.005240036441555e-18
700.0,70.0,4.533333333333333,0.22058823529411764,0.3,7.871652470574643e-18
700.0,70.0,4.533333333333333,0.22058823529411764,0.39999999999999997,
700.0,70.0,4.533333333333333,0.22058823529411764,0.49999999999999994,
700.0,70.0,4.533333333333333,0.22058823529411764,0.6,
700.0,70.0,5.0,0.2,0.0,0.07121294563594065
700.0,70.0,5.0,0.2,0.09999999999999999,1.2589613395646973e-17
700.0,70.0,5.0,0.2,0.19999999999999998,9.455200375106635e-18
700.0,70.0,5.0,0.2,0.3,
700.0,70.0,5.0,0.2,0.39999999999999997,
700.0,70.0,5.0,0.2,0.49999999999999994,
700.0,70.0,5.0,0.2,0.6,
700.0,90.0,0.8,1.25,0.0,0.001123962987055064
700.0,90.0,0.8,1.25,0.09999999999999999,4.480542593714236e-18
700.0,90.0,0.8,1.25,0.19999999999999998,3.374715456420865e-18
700.0,90.0,0.8,1.25,0.3,2.958129909333166e-18
700.0,90.0,0.8,1.25,0.39999999999999997,2.7786619753007668e-18
700.0,90.0,0.8,1.25,0.49999999999999994,2.7338252331322484e-18
700.0,90.0,0.8,1.25,0.6,2.801687908757854e-18
700.0,90.0,1.2666666666666666,0.7894736842105263,0.0,0.0013463675349009321
700.0,90.0,1.2666666666666666,0.7894736842105263,0.09999999999999999,5.616232445482917e-18
700.0,90.0,1.2666666666666666,0.7894736842105263,0.19999999999999998,4.224841901613473e-18
700.0,90.0,1.2666666666666666,0.7894736842105263,0.3,3.6987684505068906e-18
700.0,90.0,1.2666666666666666,0.7894736842105263,0.39999999999999997,3.470162535946005e-18
700.0,90.0,1.2666666666666666,0.7894736842105263,0.49999999999999994,3.410094990949757e-18
700.0,90.0,1.2666666666666666,0.7894736842105263,0.6,3.490634611259696e-18
700.0,90.0,1.7333333333333334,0.5769230769230769,0.0,0.0019112121396842037
700.0,90.0,1.7333333333333334,0.5769230769230769,0.09999999999999999,6.558114960055396e-18
700.0,90.0,1.7333333333333334,0.5769230769230769,0.19999999999999998,4.930504413896409e-18
700.0,90.0,1.7333333333333334,0.5769230769230769,0.3,4.31407505039479e-18
700.0,90.0,1.7333333333333334,0.5769230769230769,0.39999999999999997,4.045132096580288e-18
700.0,90.0,1.7333333333333334,0.5769230769230769,0.49999999999999994,3.972869905910669e-18
700.0,90.0,1.7333333333333334,0.5769230769230769,0.6,4.06443167497847e-18
700.0,90.0,2.2,0.45454545454545453,0.0,0.0034002621173955796
700.0,90.0,2.2,0.45454545454545453,0.09999999999999999,7.380763969733056e-18
700.0,90.0,2.2,0.45454545454545453,0.19999999999999998,5.547112623453302e-18
700.0,90.0,2.2,0.45454545454545453,0.3,4.85196857269423e-18
700.0,90.0,2.2,0.45454545454545453,0.39999999999999997,4.547984095364107e-18
700.0,90.0,2.2,0.45454545454545453,0.49999999999999994,4.465270734376659e-18
700.0,90.0,2.2,0.45454545454545453,0.6,4.566692423605126e-18
700.0,90.0,2.666666666666667,0.37499999999999994,0.0,0.006479886372348623
700.0,90.0,2.666666666666667,0.37499999999999994,0.09999999999999999,8.120497627886906e-18
700.0,90.0,2.666666666666667,0.37499999999999994,0.19999999999999998,6.1017246036754205e-18
700.0,90.0,2.666666666666667,0.37499999999999994,0.3,5.335911779666729e-18
700.0,90.0,2.666666666666667,0.37499999999999994,0.39999999999999997,5.0005224711609604e-18
700.0,90.0,2.666666666666667,0.37499999999999994,0.49999999999999994,4.9085221985105365e-18
700.0,90.0,2.666666666666667,0.37499999999999994,0.6,5.01893958352326e-18
700.0,90.0,3.1333333333333337,0.3191489361702127,0.0,0.011720845807836828
700.0,90.0,3.1333333333333337,0.3191489361702127,0.09999999999999999,8.79825475149044e-18
700.0,90.0,3.1333333333333337,0.3191489361702127,0.19999999999999998,6.609964282877857e-18
700.0,90.0,3.1333333333333337,0.3191489361702127,0.3,5.779473160276791e-18
700.0,90.0,3.1333333333333337,0.3191489361702127,0.39999999999999997,5.415375392111479e-18
700.0,90.0,3.1333333333333337,0.3191489361702127,0.49999999999999994,5.3149353350027426e-18
700.0,90.0,3.1333333333333337,0.3191489361702127,0.6,5.4336754958592085e-18
700.0,90.0,3.5999999999999996,0.2777777777777778,0.0,0.019549835715547956
700.0,90.0,3.5999999999999996,0.2777777777777778,0.09999999999999999,9.42741171370654e-18
700.0,90.0,3.5999999999999996,0.2777777777777778,0.19999999999999998,7.081822682243881e-18
700.0,90.0,3.5999999999999996,0.2777777777777778,0.3,6.1913379410538945e-18
700.0,90.0,3.5999999999999996,0.2777777777777778,0.39999999999999997,5.8006341282990235e-18
700.0,90.0,3.5999999999999996,0.2777777777777778,0.49999999999999994,5.692405911146072e-18
700.0,90.0,3.5999999999999996,0.2777777777777778,0.6,
700.0,90.0,4.066666666666666,0.24590163934426232,0.0,0.03025258958806107
700.0,90.0,4.066666666666666,0.24590163934426232,0.09999999999999999,1.0017130156254261e-17
700.0,90.0,4.066666666666666,0.24590163934426232,0.19999999999999998,7.524147605182059e-18
700.0,90.0,4.066666666666666,0.24590163934426232,0.3,6.577463112044576e-18
700.0,90.0,4.066666666666666,0.24590163934426232,0.39999999999999997,6.1618521520147e-18
700.0,90.0,4.066666666666666,0.24590163934426232,0.49999999999999994,
700.0,90.0,4.066666666666666,0.24590163934426232,0.6,
700.0,90.0,4.533333333333333,0.22058823529411764,0.0,0.04399527603284561
700.0,90.0,4.533333333333333,0.22058823529411764,0.09999999999999999,1.0574010663648193e-17
700.0,90.0,4.533333333333333,0.22058823529411764,0.19999999999999998,7.941875210955528e-18
700.0,90.0,4.533333333333333,0.22058823529411764,0.3,6.942144948089229e-18
700.0,90.0,4.533333333333333,0.22058823529411764,0.39999999999999997,6.503036798003608e-18
700.0,90.0,4.533333333333333,0.22058823529411764,0.49999999999999994,
700.0,90.0,4.533333333333333,0.22058823529411764,0.6,
700.0,90.0,5.0,0.2,0.0,0.060829454129817655
700.0,90.0,5.0,0.2,0.09999999999999999,1.1102995382443104e-17
700.0,90.0,5.0,0.2,0.19999999999999998,8.338702929605595e-18
700.0,90.0,5.0,0.2,0.3,7.288602881914642e-18
700.0,90.0,5.0,0.2,0.39999999999999997,
700.0,90.0,5.0,0.2,0.49999999999999994,
700.0,90.0,5.0,0.2,0.6,
750.0,30.0,0.8,1.25,0.0,0.0012484944356092684
750.0,30.0,0.8,1.25,0.09999999999999999,7.690347095117676e-18
750.0,30.0,0.8,1.25,0.19999999999999998,5.792319270468352e-18
750.0,30.0,0.8,1.25,0.3,5.0772970639372186e-18
750.0,30.0,0.8,1.25,0.39999999999999997,4.769260553571281e-18
750.0,30.0,0.8,1.25,0.49999999999999994,4.692303331841508e-18
750.0,30.0,0.8,1.25,0.6,4.808781976894032e-18
750.0,30.0,1.2666666666666666,0.7894736842105263,0.0,0.0014877757542944507
750.0,30.0,1.2666666666666666,0.7894736842105263,0.09999999999999999,9.639630908356007e-18
750.0,30.0,1.2666666666666666,0.7894736842105263,0.19999999999999998,7.251465635369092e-18
750.0,30.0,1.2666666666666666,0.7894736842105263,0.3,6.3485197640186836e-18
750.0,30.0,1.2666666666666666,0.7894736842105263,0.39999999999999997,5.956143440359793e-18
750.0,30.0,1.2666666666666666,0.7894736842105263,0.49999999999999994,5.853044259743795e-18
750.0,30.0,1.2666666666666666,0.7894736842105263,0.6,5.99128145361083e-18
750.0,30.0,1.7333333333333334,0.5769230769230769,0.0,0.0019065811786149712
750.0,30.0,1.7333333333333334,0.5769230769230769,0.09999999999999999,1.125626623953409e-17
750.0,30.0,1.7333333333333334,0.5769230769230769,0.19999999999999998,8.462655918258617e-18
750.0,30.0,1.7333333333333334,0.5769230769230769,0.3,7.404624292481405e-18
750.0,30.0,1.7333333333333334,0.5769230769230769,0.39999999999999997,6.94301398071693e-18
750.0,30.0,1.7333333333333334,0.5769230769230769,0.49999999999999994,6.818984063262546e-18
750.0,30.0,1.7333333333333334,0.5769230769230769,0.6,6.976139534976437e-18
750.0,30.0,2.2,0.45454545454545453,0.0,0.0028346590320125066
750.0,30.0,2.2,0.45454545454545453,0.09999999999999999,1.2668250678811796e-17
750.0,30.0,2.2,0.45454545454545453,0.19999999999999998,9.520994513218453e-18
750.0,30.0,2.2,0.45454545454545453,0.3,8.327857985789352e-18
750.0,30.0,2.2,0.45454545454545453,0.39999999999999997,7.806102842694324e-18
750.0,30.0,2.2,0.45454545454545453,0.49999999999999994,7.664134667627994e-18
750.0,30.0,2.2,0.45454545454545453,0.6,7.838213582605503e-18
750.0,30.0,2.666666666666667,0.37499999999999994,0.0,0.004591647317736389
750.0,30.0,2.666666666666667,0.37499999999999994,0.09999999999999999,1.3937920248988192e-17
750.0,30.0,2.666666666666667,0.37499999999999994,0.19999999999999998,1.047292355794856e-17
750.0,30.0,2.666666666666667,0.37499999999999994,0.3,9.158492034726303e-18
750.0,30.0,2.666666666666667,0.37499999999999994,0.39999999999999997,8.582834033407035e-18
750.0,30.0,2.666666666666667,0.37499999999999994,0.49999999999999994,8.42492591967704e-18
750.0,30.0,2.666666666666667,0.37499999999999994,0.6,8.614444934040818e-18
750.0,30.0,3.1333333333333337,0.3191489361702127,0.0,0.007399587020062479
750.0,30.0,3.1333333333333337,0.3191489361702127,0.09999999999999999,1.510121407281859e-17
750.0,30.0,3.1333333333333337,0.3191489361702127,0.19999999999999998,1.1345259766992203e-17
750.0,30.0,3.1333333333333337,0.3191489361702127,0.3,9.919815223521792e-18
750.0,30.0,3.1333333333333337,0.3191489361702127,0.39999999999999997,9.294882382219782e-18
750.0,30.0,3.1333333333333337,0.3191489361702127,0.49999999999999994,9.122488328332058e-18
750.0,30.0,3.1333333333333337,0.3191489361702127,0.6,9.326292450738481e-18
750.0,30.0,3.5999999999999996,0.2777777777777778,0.0,0.011376041448349705
750.0,30.0,3.5999999999999996,0.2777777777777778,0.09999999999999999,1.6181091189380054e-17
750.0,30.0,3.5999999999999996,0.2777777777777778,0.19999999999999998,1.2155151603761662e-17
750.0,30.0,3.5999999999999996,0.2777777777777778,0.3,1.0626734766026874e-17
750.0,30.0,3.5999999999999996,0.2777777777777778,0.39999999999999997,9.956135643591304e-18
750.0,30.0,3.5999999999999996,0.2777777777777778,0.49999999999999994,9.77037408951486e-18
750.0,30.0,3.5999999999999996,0.2777777777777778,0.6,
750.0,30.0,4.066666666666666,0.24590163934426232,0.0,0.016560429759676934
750.0,30.0,4.066666666666666,0.24590163934426232,0.09999999999999999,1.7193276525577415e-17
750.0,30.0,4.066666666666666,0.24590163934426232,0.19999999999999998,1.2914352552115323e-17
750.0,30.0,4.066666666666666,0.24590163934426232,0.3,1.1289475165221538e-17
750.0,30.0,4.066666666666666,0.24590163934426232,0.39999999999999997,1.0576125727688696e-17
750.0,30.0,4.066666666666666,0.24590163934426232,0.49999999999999994,1.0377891230764176e-17
750.0,30.0,4.066666666666666,0.24590163934426232,0.6,
750.0,30.0,4.533333333333333,0.22058823529411764,0.0,0.02292562621255847
750.0,30.0,4.533333333333333,0.22058823529411764,0.09999999999999999,1.814909924186073e-17
750.0,30.0,4.533333333333333,0.22058823529411764,0.19999999999999998,1.3631334973883719e-17
750.0,30.0,4.533333333333333,0.22058823529411764,0.3,1.1915410493341106e-17
750.0,30.0,4.533333333333333,0.22058823529411764,0.39999999999999997,1.1161730773592793e-17
750.0,30.0,4.533333333333333,0.22058823529411764,0.49999999999999994,
750.0,30.0,4.533333333333333,0.22058823529411764,0.6,
750.0,30.0,5.0,0.2,0.0,0.030435714783910942
750.0,30.0,5.0,0.2,0.09999999999999999,1.9057041976572545e-17
750.0,30.0,5.0,0.2,0.19999999999999998,1.4312445091602034e-17
750.0,30.0,5.0,0.2,0.3,1.2510066544327126e-17
750.0,30.0,5.0,0.2,0.39999999999999997,
750.0,30.0,5.0,0.2,0.49999999999999994,
750.0,30.0,5.0,0.2,0.6,
750.0,50.0,0.8,1.25,0.0,0.000775016568403448
750.0,50.0,0.8,1.25,0.09999999999999999,5.956917245189067e-18
750.0,50.0,0.8,1.25,0.19999999999999998,4.486711214088044e-18
750.0,50.0,0.8,1.25,0.3,3.9328573944753324e-18
750.0,50.0,0.8,1.25,0.39999999999999997,3.694253339541107e-18
750.0,50.0,0.8,1.25,0.49999999999999994,3.6346425319151474e-18
750.0,50.0,0.8,1.25,0.6,3.7248665024105936e-18
750.0,50.0,1.2666666666666666,0.7894736842105263,0.0,0.0009170195372503317
750.0,50.0,1.2666666666666666,0.7894736842105263,0.09999999999999999,7.466825994329816e-18
750.0,50.0,1.2666666666666666,0.7894736842105263,0.19999999999999998,5.616961128275975e-18
750.0,50.0,1.2666666666666666,0.7894736842105263,0.3,4.917542263822601e-18
750.0,50.0,1.2666666666666666,0.7894736842105263,0.39999999999999997,4.613608870427205e-18
750.0,50.0,1.2666666666666666,0.7894736842105263,0.49999999999999994,4.5337485885205275e-18
750.0,50.0,1.2666666666666666,0.7894736842105263,0.6,4.640826658455222e-18
750.0,50.0,1.7333333333333334,0.5769230769230769,0.0,0.0011768512881175865
750.0,50.0,1.7333333333333334,0.5769230769230769,0.09999999999999999,8.719066337238464e-18
750.0,50.0,1.7333333333333334,0.5769230769230769,0.19999999999999998,6.55514508721985e-18
750.0,50.0,1.7333333333333334,0.5769230769230769,0.3,5.7355973139406715e-18
750.0,50.0,1.7333333333333334,0.5769230769230769,0.39999999999999997,5.378035503960386e-18
750.0,50.0,1.7333333333333334,0.5769230769230769,0.49999999999999994,5.2819623430139226e-18
750.0,50.0,1.7333333333333334,0.5769230769230769,0.6,5.403694447956578e-18
750.0,50.0,2.2,0.45454545454545453,0.0,0.0017625456462194381
750.0,50.0,2.2,0.45454545454545453,0.09999999999999999,9.812784780923777e-18
750.0,50.0,2.2,0.45454545454545453,0.19999999999999998,7.374930637805451e-18
750.0,50.0,2.2,0.45454545454545453,0.3,6.450731057708519e-18
750.0,50.0,2.2,0.45454545454545453,0.39999999999999997,6.046581261707498e-18
750.0,50.0,2.2,0.45454545454545453,0.49999999999999994,5.936613186162828e-18
750.0,50.0,2.2,0.45454545454545453,0.6,6.071454133889576e-18
750.0,50.0,2.666666666666667,0.37499999999999994,0.0,0.002889999224236334
750.0,50.0,2.666666666666667,0.37499999999999994,0.09999999999999999,1.079626660101968e-17
750.0,50.0,2.666666666666667,0.37499999999999994,0.19999999999999998,8.11229170520762e-18
750.0,50.0,2.666666666666667,0.37499999999999994,0.3,7.09413742537365e-18
750.0,50.0,2.666666666666667,0.37499999999999994,0.39999999999999997,6.6482346549295345e-18
750.0,50.0,2.666666666666667,0.37499999999999994,0.49999999999999994,6.525919555988076e-18
750.0,50.0,2.666666666666667,0.37499999999999994,0.6,6.672720353272187e-18
750.0,50.0,3.1333333333333337,0.3191489361702127,0.0,0.004714480737006163
750.0,50.0,3.1333333333333337,0.3191489361702127,0.09999999999999999,1.1697350122307895e-17
750.0,50.0,3.1333333333333337,0.3191489361702127,0.19999999999999998,8.788000427191567e-18
750.0,50.0,3.1333333333333337,0.3191489361702127,0.3,7.683855831630942e-18
750.0,50.0,3.1333333333333337,0.3191489361702127,0.39999999999999997,7.199784934258787e-18
750.0,50.0,3.1333333333333337,0.3191489361702127,0.49999999999999994,7.06624907432032e-18
750.0,50.0,3.1333333333333337,0.3191489361702127,0.6,7.22411506871402e-18
750.0,50.0,3.5999999999999996,0.2777777777777778,0.0,0.007323554700377862
750.0,50.0,3.5999999999999996,0.2777777777777778,0.09999999999999999,1.2533819339986503e-17
750.0,50.0,3.5999999999999996,0.2777777777777778,0.19999999999999998,9.415339946399059e-18
750.0,50.0,3.5999999999999996,0.2777777777777778,0.3,8.231433354677091e-18
750.0,50.0,3.5999999999999996,0.2777777777777778,0.39999999999999997,7.711989508042235e-18
750.0,50.0,3.5999999999999996,0.2777777777777778,0.49999999999999994,7.5680992269815e-18
750.0,50.0,3.5999999999999996,0.2777777777777778,0.6,7.73630920653182e-18
750.0,50.0,4.066666666666666,0.24590163934426232,0.0,0.010754688392467278
750.0,50.0,4.066666666666666,0.24590163934426232,0.09999999999999999,1.3317854730060051e-17
750.0,50.0,4.066666666666666,0.24590163934426232,0.19999999999999998,1.0003414472278778e-17
750.0,50.0,4.066666666666666,0.24590163934426232,0.3,8.744789860465046e-18
750.0,50.0,4.066666666666666,0.24590163934426232,0.39999999999999997,8.192231762146823e-18
750.0,50.0,4.066666666666666,0.24590163934426232,0.49999999999999994,8.038679981100328e-18
750.0,50.0,4.066666666666666,0.24590163934426232,0.6,
750.0,50.0,4.533333333333333,0.22058823529411764,0.0,0.014996952333747433
750.0,50.0,4.533333333333333,0.22058823529411764,0.09999999999999999,1.405823182247845e-17
750.0,50.0,4.533333333333333,0.22058823529411764,0.19999999999999998,1.0558786668085269e-17
750.0,50.0,4.533333333333333,0.22058823529411764,0.3,9.229637280787042e-18
750.0,50.0,4.533333333333333,0.22058823529411764,0.39999999999999997,8.645839480195142e-18
750.0,50.0,4.533333333333333,0.22058823529411764,0.49999999999999994,
750.0,50.0,4.533333333333333,0.22058823529411764,0.6,
750.0,50.0,5.0,0.2,0.0,0.020033116860457018
750.0,50.0,5.0,0.2,0.09999999999999999,1.476152124064823e-17
750.0,50.0,5.0,0.2,0.19999999999999998,1.1086372296656553e-17
750.0,50.0,5.0,0.2,0.3,9.690255877225107e-18
750.0,50.0,5.0,0.2,0.39999999999999997,9.076806673598087e-18
750.0,50.0,5.0,0.2,0.49999999999999994,
750.0,50.0,5.0,0.2,0.6,
750.0,70.0,0.8,1.25,0.0,0.0005719194342111264
750.0,70.0,0.8,1.25,0.09999999999999999,5.0345139548372145e-18
750.0,70.0,0.8,1.25,0.19999999999999998,3.791963072324658e-18
750.0,70.0,0.8,1.25,0.3,3.3238711601813353e-18
750.0,70.0,0.8,1.25,0.39999999999999997,3.1222139279581976e-18
750.0,70.0,0.8,1.25,0.49999999999999994,3.0718336002653153e-18
750.0,70.0,0.8,1.25,0.6,3.1480867728080416e-18
750.0,70.0,1.2666666666666666,0.7894736842105263,0.0,0.0006775426033322275
750.0,70.0,1.2666666666666666,0.7894736842105263,0.09999999999999999,6.3106197584253304e-18
750.0,70.0,1.2666666666666666,0.7894736842105263,0.19999999999999998,4.747198596207129e-18
750.0,70.0,1.2666666666666666,0.7894736842105263,0.3,4.1560817670769726e-18
750.0,70.0,1.2666666666666666,0.7894736842105263,0.39999999999999997,3.899211166494779e-18
750.0,70.0,1.2666666666666666,0.7894736842105263,0.49999999999999994,3.83171690945753e-18
750.0,70.0,1.2666666666666666,0.7894736842105263,0.6,3.9222143958509545e-18
750.0,70.0,1.7333333333333334,0.5769230769230769,0.0,0.0008786491371426771
750.0,70.0,1.7333333333333334,0.5769230769230769,0.09999999999999999,7.36895601217727e-18
750.0,70.0,1.7333333333333334,0.5769230769230769,0.19999999999999998,5.54010876082659e-18
750.0,70.0,1.7333333333333334,0.5769230769230769,0.3,4.84746447328641e-18
750.0,70.0,1.7333333333333334,0.5769230769230769,0.39999999999999997,4.545269588253142e-18
750.0,70.0,1.7333333333333334,0.5769230769230769,0.49999999999999994,4.4640729475140226e-18
750.0,70.0,1.7333333333333334,0.5769230769230769,0.6,4.566955353943364e-18
750.0,70.0,2.2,0.45454545454545453,0.0,0.0013356631763355564
750.0,70.0,2.2,0.45454545454545453,0.09999999999999999,8.293316808332966e-18
750.0,70.0,2.2,0.45454545454545453,0.19999999999999998,6.232954006868969e-18
750.0,70.0,2.2,0.45454545454545453,0.3,5.451862799531739e-18
750.0,70.0,2.2,0.45454545454545453,0.39999999999999997,5.110293879893814e-18
750.0,70.0,2.2,0.45454545454545453,0.49999999999999994,5.017353892962928e-18
750.0,70.0,2.2,0.45454545454545453,0.6,5.131315293645817e-18
750.0,70.0,2.666666666666667,0.37499999999999994,0.0,0.002217827043254148
750.0,70.0,2.666666666666667,0.37499999999999994,0.09999999999999999,9.124510653035164e-18
750.0,70.0,2.666666666666667,0.37499999999999994,0.19999999999999998,6.856137850255073e-18
750.0,70.0,2.666666666666667,0.37499999999999994,0.3,5.995640428683345e-18
750.0,70.0,2.666666666666667,0.37499999999999994,0.39999999999999997,5.618783805047267e-18
750.0,70.0,2.666666666666667,0.37499999999999994,0.49999999999999994,5.515408678759353e-18
750.0,70.0,2.666666666666667,0.37499999999999994,0.6,5.639477997181559e-18
750.0,70.0,3.1333333333333337,0.3191489361702127,0.0,0.0036480623206794306
750.0,70.0,3.1333333333333337,0.3191489361702127,0.09999999999999999,9.886065224917652e-18
750.0,70.0,3.1333333333333337,0.3191489361702127,0.19999999999999998,7.427215951596975e-18
750.0,70.0,3.1333333333333337,0.3191489361702127,0.3,6.494043448823414e-18
750.0,70.0,3.1333333333333337,0.3191489361702127,0.39999999999999997,6.084928870319085e-18
750.0,70.0,3.1333333333333337,0.3191489361702127,0.49999999999999994,5.972070470133261e-18
750.0,70.0,3.1333333333333337,0.3191489361702127,0.6,6.105491586972044e-18
750.0,70.0,3.5999999999999996,0.2777777777777778,0.0,0.00569758135366392
750.0,70.0,3.5999999999999996,0.2777777777777778,0.09999999999999999,1.0593010743188161e-17
750.0,70.0,3.5999999999999996,0.2777777777777778,0.19999999999999998,7.957414615414528e-18
750.0,70.0,3.5999999999999996,0.2777777777777778,0.3,6.956830922219569e-18
750.0,70.0,3.5999999999999996,0.2777777777777778,0.39999999999999997,6.5178207451435754e-18
750.0,70.0,3.5999999999999996,0.2777777777777778,0.49999999999999994,6.396211261891011e-18
750.0,70.0,3.5999999999999996,0.2777777777777778,0.6,6.538374641795762e-18
750.0,70.0,4.066666666666666,0.24590163934426232,0.0,0.008398757183330009
750.0,70.0,4.066666666666666,0.24590163934426232,0.09999999999999999,1.125564158896655e-17
750.0,70.0,4.066666666666666,0.24590163934426232,0.19999999999999998,8.454428303059229e-18
750.0,70.0,4.066666666666666,0.24590163934426232,0.3,7.390696357278824e-18
750.0,70.0,4.066666666666666,0.24590163934426232,0.39999999999999997,6.923699529500481e-18
750.0,70.0,4.066666666666666,0.24590163934426232,0.49999999999999994,6.793924588427895e-18
750.0,70.0,4.066666666666666,0.24590163934426232,0.6,
750.0,70.0,4.533333333333333,0.22058823529411764,0.0,0.011748886277771209
750.0,70.0,4.533333333333333,0.22058823529411764,0.09999999999999999,1.1881374438727492e-17
750.0,70.0,4.533333333333333,0.22058823529411764,0.19999999999999998,8.923803477303004e-18
750.0,70.0,4.533333333333333,0.22058823529411764,0.3,7.800467217458104e-18
750.0,70.0,4.533333333333333,0.22058823529411764,0.39999999999999997,7.307068022386711e-18
750.0,70.0,4.533333333333333,0.22058823529411764,0.49999999999999994,7.169609760631944e-18
750.0,70.0,4.533333333333333,0.22058823529411764,0.6,
750.0,70.0,5.0,0.2,0.0,0.015734424470356684
750.0,70.0,5.0,0.2,0.09999999999999999,1.2475762482799222e-17
750.0,70.0,5.0,0.2,0.19999999999999998,9.369694716023642e-18
750.0,70.0,5.0,0.2,0.3,8.189760984044812e-18
750.0,70.0,5.0,0.2,0.39999999999999997,7.671301779539617e-18
750.0,70.0,5.0,0.2,0.49999999999999994,
750.0,70.0,5.0,0.2,0.6,
750.0,90.0,0.8,1.25,0.0,0.0004595061063662689
750.0,90.0,0.8,1.25,0.09999999999999999,4.440023965527846e-18
750.0,90.0,0.8,1.25,0.19999999999999998,3.3441970900371596e-18
750.0,90.0,0.8,1.25,0.3,2.9313788266198496e-18
750.0,90.0,0.8,1.25,0.39999999999999997,2.753533864439843e-18
750.0,90.0,0.8,1.25,0.49999999999999994,2.7091025917580738e-18
750.0,90.0,0.8,1.25,0.6,2.7763515688339907e-18
750.0,90.0,1.2666666666666666,0.7894736842105263,0.0,0.0005461590528202368
750.0,90.0,1.2666666666666666,0.7894736842105263,0.09999999999999999,5.565443499827978e-18
750.0,90.0,1.2666666666666666,0.7894736842105263,0.19999999999999998,4.186635636599665e-18
750.0,90.0,1.2666666666666666,0.7894736842105263,0.3,3.6653195947118465e-18
750.0,90.0,1.2666666666666666,0.7894736842105263,0.39999999999999997,3.4387810186237512e-18
750.0,90.0,1.2666666666666666,0.7894736842105263,0.49999999999999994,3.3792566789418742e-18
750.0,90.0,1.2666666666666666,0.7894736842105263,0.6,3.459067960033025e-18
750.0,90.0,1.7333333333333334,0.5769230769230769,0.0,0.0007165520107501717
750.0,90.0,1.7333333333333334,0.5769230769230769,0.09999999999999999,6.498808343465103e-18
750.0,90.0,1.7333333333333334,0.5769230769230769,0.19999999999999998,4.885916672465791e-18
750.0,90.0,1.7333333333333334,0.5769230769230769,0.3,4.275061828512181e-18
750.0,90.0,1.7333333333333334,0.5769230769230769,0.39999999999999997,4.008550990754254e-18
750.0,90.0,1.7333333333333334,0.5769230769230769,0.49999999999999994,3.936942284524397e-18
750.0,90.0,1.7333333333333334,0.5769230769230769,0.6,4.0276760384230365e-18
750.0,90.0,2.2,0.45454545454545453,0.0,0.0011048208548867012
750.0,90.0,2.2,0.45454545454545453,0.09999999999999999,7.314017939573651e-18
750.0,90.0,2.2,0.45454545454545453,0.19999999999999998,5.4969487451596235e-18
750.0,90.0,2.2,0.45454545454545453,0.3,4.808091049868456e-18
750.0,90.0,2.2,0.45454545454545453,0.39999999999999997,4.50685557755147e-18
750.0,90.0,2.2,0.45454545454545453,0.49999999999999994,4.424890213460565e-18
750.0,90.0,2.2,0.45454545454545453,0.6,4.525394721883068e-18
750.0,90.0,2.666666666666667,0.37499999999999994,0.0,0.001852726547106505
750.0,90.0,2.666666666666667,0.37499999999999994,0.09999999999999999,8.047062007696867e-18
750.0,90.0,2.666666666666667,0.37499999999999994,0.19999999999999998,6.046545235383975e-18
750.0,90.0,2.666666666666667,0.37499999999999994,0.3,5.287657841620275e-18
750.0,90.0,2.666666666666667,0.37499999999999994,0.39999999999999997,4.9553015395974326e-18
750.0,90.0,2.666666666666667,0.37499999999999994,0.49999999999999994,4.864133247628193e-18
750.0,90.0,2.666666666666667,0.37499999999999994,0.6,4.9735521015876745e-18
750.0,90.0,3.1333333333333337,0.3191489361702127,0.0,0.0030635811838528905
750.0,90.0,3.1333333333333337,0.3191489361702127,0.09999999999999999,8.718690010031978e-18
750.0,90.0,3.1333333333333337,0.3191489361702127,0.19999999999999998,6.550188780499178e-18
750.0,90.0,3.1333333333333337,0.3191489361702127,0.3,5.727207989611654e-18
750.0,90.0,3.1333333333333337,0.3191489361702127,0.39999999999999997,5.3664028454605e-18
750.0,90.0,3.1333333333333337,0.3191489361702127,0.49999999999999994,5.266871092041733e-18
750.0,90.0,3.1333333333333337,0.3191489361702127,0.6,5.384537456975036e-18
750.0,90.0,3.5999999999999996,0.2777777777777778,0.0,0.004798183215248518
750.0,90.0,3.5999999999999996,0.2777777777777778,0.09999999999999999,9.342157353970455e-18
750.0,90.0,3.5999999999999996,0.2777777777777778,0.19999999999999998,7.017780050472507e-18
750.0,90.0,3.5999999999999996,0.2777777777777778,0.3,6.1353481777723716e-18
750.0,90.0,3.5999999999999996,0.2777777777777778,0.39999999999999997,5.748177593915866e-18
750.0,90.0,3.5999999999999996,0.2777777777777778,0.49999999999999994,5.640928110664748e-18
750.0,90.0,3.5999999999999996,0.2777777777777778,0.6,5.766304426920872e-18
750.0,90.0,4.066666666666666,0.24590163934426232,0.0,0.007085116104876171
750.0,90.0,4.066666666666666,0.24590163934426232,0.09999999999999999,9.926542830293795e-18
750.0,90.0,4.066666666666666,0.24590163934426232,0.19999999999999998,7.456104922373513e-18
750.0,90.0,4.066666666666666,0.24590163934426232,0.3,6.5179815256502484e-18
750.0,90.0,4.066666666666666,0.24590163934426232,0.39999999999999997,6.106129035864396e-18
750.0,90.0,4.066666666666666,0.24590163934426232,0.49999999999999994,5.991678295702354e-18
750.0,90.0,4.066666666666666,0.24590163934426232,0.6,
750.0,90.0,4.533333333333333,0.22058823529411764,0.0,0.009925190267694317
750.0,90.0,4.533333333333333,0.22058823529411764,0.09999999999999999,1.0478387332837523e-17
750.0,90.0,4.533333333333333,0.22058823529411764,0.19999999999999998,7.870054916585724e-18
750.0,90.0,4.533333333333333,0.22058823529411764,0.3,6.879365455835379e-18
750.0,90.0,4.533333333333333,0.22058823529411764,0.39999999999999997,6.4442282667559276e-18
750.0,90.0,4.533333333333333,0.22058823529411764,0.49999999999999994,6.323001474671148e-18
750.0,90.0,4.533333333333333,0.22058823529411764,0.6,
750.0,90.0,5.0,0.2,0.0,0.013306655368526158
750.0,90.0,5.0,0.2,0.09999999999999999,1.1002588315132158e-17
750.0,90.0,5.0,0.2,0.19999999999999998,8.263294026398173e-18
750.0,90.0,5.0,0.2,0.3,7.222690286947399e-18
750.0,90.0,5.0,0.2,0.39999999999999997,6.7654522469296884e-18
750.0,90.0,5.0,0.2,0.49999999999999994,
750.0,90.0,5.0,0.2,0.6,
800.0,30.0,0.8,1.25,0.0,0.0006534336821489254
800.0,30.0,0.8,1.25,0.09999999999999999,7.617229303425771e-18
800.0,30.0,0.8,1.25,0.19999999999999998,5.737247427537652e-18
800.0,30.0,0.8,1.25,0.3,5.029023463687487e-18
800.0,30.0,0.8,1.25,0.39999999999999997,4.723915683267375e-18
800.0,30.0,0.8,1.25,0.49999999999999994,4.647690150554582e-18
800.0,30.0,0.8,1.25,0.6,4.763061347447876e-18
800.0,30.0,1.2666666666666666,0.7894736842105263,0.0,0.0008187977083074944
800.0,30.0,1.2666666666666666,0.7894736842105263,0.09999999999999999,9.5479798402573e-18
800.0,30.0,1.2666666666666666,0.7894736842105263,0.19999999999999998,7.182520613869873e-18
800.0,30.0,1.2666666666666666,0.7894736842105263,0.3,6.288159713883518e-18
800.0,30.0,1.2666666666666666,0.7894736842105263,0.39999999999999997,5.899514000886427e-18
800.0,30.0,1.2666666666666666,0.7894736842105263,0.49999999999999994,5.797395060150921e-18
800.0,30.0,1.2666666666666666,0.7894736842105263,0.6,5.934317931334113e-18
800.0,30.0,1.7333333333333334,0.5769230769230769,0.0,0.0011050596520803223
800.0,30.0,1.7333333333333334,0.5769230769230769,0.09999999999999999,1.1149244629073202e-17
800.0,30.0,1.7333333333333334,0.5769230769230769,0.19999999999999998,8.38219521918551e-18
800.0,30.0,1.7333333333333334,0.5769230769230769,0.3,7.334223079256116e-18
800.0,30.0,1.7333333333333334,0.5769230769230769,0.39999999999999997,6.877001636664707e-18
800.0,30.0,1.7333333333333334,0.5769230769230769,0.49999999999999994,6.75415096302724e-18
800.0,30.0,1.7333333333333334,0.5769230769230769,0.6,6.909812242076827e-18
800.0,30.0,2.2,0.45454545454545453,0.0,0.0016203690489774466
800.0,30.0,2.2,0.45454545454545453,0.09999999999999999,1.254780429269849e-17
800.0,30.0,2.2,0.45454545454545453,0.19999999999999998,9.430471410083608e-18
800.0,30.0,2.2,0.45454545454545453,0.3,8.248678910302992e-18
800.0,30.0,2.2,0.45454545454545453,0.39999999999999997,7.731884477585176e-18
800.0,30.0,2.2,0.45454545454545453,0.49999999999999994,7.59126609856755e-18
800.0,30.0,2.2,0.45454545454545453,0.6,7.763689917259437e-18
800.0,30.0,2.666666666666667,0.37499999999999994,0.0,0.0024258175938693723
800.0,30.0,2.666666666666667,0.37499999999999994,0.09999999999999999,1.3805402179465877e-17
800.0,30.0,2.666666666666667,0.37499999999999994,0.19999999999999998,1.0373349764674417e-17
800.0,30.0,2.666666666666667,0.37499999999999994,0.3,9.071415509955497e-18
800.0,30.0,2.666666666666667,0.37499999999999994,0.39999999999999997,8.501230713182411e-18
800.0,30.0,2.666666666666667,0.37499999999999994,0.49999999999999994,8.344823948242412e-18
800.0,30.0,2.666666666666667,0.37499999999999994,0.6,8.532541065940251e-18
800.0,30.0,3.1333333333333337,0.3191489361702127,0.0,0.003541914340286838
800.0,30.0,3.1333333333333337,0.3191489361702127,0.09999999999999999,1.4957635712429165e-17
800.0,30.0,3.1333333333333337,0.3191489361702127,0.19999999999999998,1.123739203125603e-17
800.0,30.0,3.1333333333333337,0.3191489361702127,0.3,9.825500238829807e-18
800.0,30.0,3.1333333333333337,0.3191489361702127,0.39999999999999997,9.206509094265266e-18
800.0,30.0,3.1333333333333337,0.3191489361702127,0.49999999999999994,9.035754117673799e-18
800.0,30.0,3.1333333333333337,0.3191489361702127,0.6,9.237620524386015e-18
800.0,30.0,3.5999999999999996,0.2777777777777778,0.0,0.00496530575090444
800.0,30.0,3.5999999999999996,0.2777777777777778,0.09999999999999999,1.6027245642176607e-17
800.0,30.0,3.5999999999999996,0.2777777777777778,0.19999999999999998,1.2039583630175988e-17
800.0,30.0,3.5999999999999996,0.2777777777777778,0.3,1.0525698576922476e-17
800.0,30.0,3.5999999999999996,0.2777777777777778,0.39999999999999997,9.861475334189205e-18
800.0,30.0,3.5999999999999996,0.2777777777777778,0.49999999999999994,9.677479952082462e-18
800.0,30.0,3.5999999999999996,0.2777777777777778,0.6,9.892573419649641e-18
800.0,30.0,4.066666666666666,0.24590163934426232,0.0,0.006669524330667725
800.0,30.0,4.066666666666666,0.24590163934426232,0.09999999999999999,1.7029807387155047e-17
800.0,30.0,4.066666666666666,0.24590163934426232,0.19999999999999998,1.279156629626984e-17
800.0,30.0,4.066666666666666,0.24590163934426232,0.3,1.1182137815337951e-17
800.0,30.0,4.066666666666666,0.24590163934426232,0.39999999999999997,1.0475570716235702e-17
800.0,30.0,4.066666666666666,0.24590163934426232,0.49999999999999994,1.0279220980738612e-17
800.0,30.0,4.066666666666666,0.24590163934426232,0.6,1.0506778039616117e-17
800.0,30.0,4.533333333333333,0.22058823529411764,0.0,0.008635980510147998
800.0,30.0,4.533333333333333,0.22058823529411764,0.09999999999999999,1.7976542393144767e-17
800.0,30.0,4.533333333333333,0.22058823529411764,0.19999999999999998,1.3501731838387671e-17
800.0,30.0,4.533333333333333,0.22058823529411764,0.3,1.1802121915579166e-17
800.0,30.0,4.533333333333333,0.22058823529411764,0.39999999999999997,1.1055607983954929e-17
800.0,30.0,4.533333333333333,0.22058823529411764,0.49999999999999994,1.0847633369484594e-17
800.0,30.0,4.533333333333333,0.22058823529411764,0.6,
800.0,30.0,5.0,0.2,0.0,0.010840709772992278
800.0,30.0,5.0,0.2,0.09999999999999999,1.887585264780007e-17
800.0,30.0,5.0,0.2,0.19999999999999998,1.417636614085555e-17
800.0,30.0,5.0,0.2,0.3,1.2391124133797426e-17
800.0,30.0,5.0,0.2,0.39999999999999997,1.1606694359675407e-17
800.0,30.0,5.0,0.2,0.49999999999999994,
800.0,30.0,5.0,0.2,0.6,
800.0,50.0,0.8,1.25,0.0,0.00039282418531703456
800.0,50.0,0.8,1.25,0.09999999999999999,5.9002804472822264e-18
800.0,50.0,0.8,1.25,0.19999999999999998,4.4440527479849346e-18
800.0,50.0,0.8,1.25,0.3,3.8954648245095954e-18
800.0,50.0,0.8,1.25,0.39999999999999997,3.659129354036516e-18
800.0,50.0,0.8,1.25,0.49999999999999994,3.600085310286027e-18
800.0,50.0,0.8,1.25,0.6,3.689451455125977e-18
800.0,50.0,1.2666666666666666,0.7894736842105263,0.0,0.00047638961039022266
800.0,50.0,1.2666666666666666,0.7894736842105263,0.09999999999999999,7.395833382248135e-18
800.0,50.0,1.2666666666666666,0.7894736842105263,0.19999999999999998,5.563556544261898e-18
800.0,50.0,1.2666666666666666,0.7894736842105263,0.3,4.870787570032652e-18
800.0,50.0,1.2666666666666666,0.7894736842105263,0.39999999999999997,4.569743895230125e-18
800.0,50.0,1.2666666666666666,0.7894736842105263,0.49999999999999994,4.490642903869932e-18
800.0,50.0,1.2666666666666666,0.7894736842105263,0.6,4.596702903831415e-18
800.0,50.0,1.7333333333333334,0.5769230769230769,0.0,0.000615279128439337
800.0,50.0,1.7333333333333334,0.5769230769230769,0.09999999999999999,8.6361677542386e-18
800.0,50.0,1.7333333333333334,0.5769230769230769,0.19999999999999998,6.49282049771298e-18
800.0,50.0,1.7333333333333334,0.5769230769230769,0.3,5.681064768665804e-18
800.0,50.0,1.7333333333333334,0.5769230769230769,0.39999999999999997,5.3269025621287105e-18
800.0,50.0,1.7333333333333334,0.5769230769230769,0.49999999999999994,5.2317428395150575e-18
800.0,50.0,1.7333333333333334,0.5769230769230769,0.6,5.352317547796736e-18
800.0,50.0,2.2,0.45454545454545453,0.0,0.0008733128990341133
800.0,50.0,2.2,0.45454545454545453,0.09999999999999999,9.719487411418235e-18
800.0,50.0,2.2,0.45454545454545453,0.19999999999999998,7.304811743627797e-18
800.0,50.0,2.2,0.45454545454545453,0.3,6.389399209563165e-18
800.0,50.0,2.2,0.45454545454545453,0.39999999999999997,5.989091963297405e-18
800.0,50.0,2.2,0.45454545454545453,0.49999999999999994,5.8801694352762145e-18
800.0,50.0,2.2,0.45454545454545453,0.6,6.013728350932849e-18
800.0,50.0,2.666666666666667,0.37499999999999994,0.0,0.00129703749128439
800.0,50.0,2.666666666666667,0.37499999999999994,0.09999999999999999,1.0693618545753382e-17
800.0,50.0,2.666666666666667,0.37499999999999994,0.19999999999999998,8.035162176593729e-18
800.0,50.0,2.666666666666667,0.37499999999999994,0.3,7.02668823931706e-18
800.0,50.0,2.666666666666667,0.37499999999999994,0.39999999999999997,6.5850249948844945e-18
800.0,50.0,2.666666666666667,0.37499999999999994,0.49999999999999994,6.4638728357151374e-18
800.0,50.0,2.666666666666667,0.37499999999999994,0.6,6.6092778898434955e-18
800.0,50.0,3.1333333333333337,0.3191489361702127,0.0,0.0019099266247719967
800.0,50.0,3.1333333333333337,0.3191489361702127,0.09999999999999999,1.1586134802575092e-17
800.0,50.0,3.1333333333333337,0.3191489361702127,0.19999999999999998,8.704446438371706e-18
800.0,50.0,3.1333333333333337,0.3191489361702127,0.3,7.610799758628968e-18
800.0,50.0,3.1333333333333337,0.3191489361702127,0.39999999999999997,7.131331279759302e-18
800.0,50.0,3.1333333333333337,0.3191489361702127,0.49999999999999994,6.999065043635143e-18
800.0,50.0,3.1333333333333337,0.3191489361702127,0.6,7.155430089906171e-18
800.0,50.0,3.5999999999999996,0.2777777777777778,0.0,0.0027184142069124665
800.0,50.0,3.5999999999999996,0.2777777777777778,0.09999999999999999,1.241465109154508e-17
800.0,50.0,3.5999999999999996,0.2777777777777778,0.19999999999999998,9.32582137898861e-18
800.0,50.0,3.5999999999999996,0.2777777777777778,0.3,8.15317105912397e-18
800.0,50.0,3.5999999999999996,0.2777777777777778,0.39999999999999997,7.638665947670002e-18
800.0,50.0,3.5999999999999996,0.2777777777777778,0.49999999999999994,7.496143737534306e-18
800.0,50.0,3.5999999999999996,0.2777777777777778,0.6,7.662754421087443e-18
800.0,50.0,4.066666666666666,0.24590163934426232,0.0,0.0037144931240661234
800.0,50.0,4.066666666666666,0.24590163934426232,0.09999999999999999,1.3191232079914308e-17
800.0,50.0,4.066666666666666,0.24590163934426232,0.19999999999999998,9.908304647472238e-18
800.0,50.0,4.066666666666666,0.24590163934426232,0.3,8.661646706760013e-18
800.0,50.0,4.066666666666666,0.24590163934426232,0.39999999999999997,8.114342185199796e-18
800.0,50.0,4.066666666666666,0.24590163934426232,0.49999999999999994,7.962250334077302e-18
800.0,50.0,4.066666666666666,0.24590163934426232,0.6,8.138515273946206e-18
800.0,50.0,4.533333333333333,0.22058823529411764,0.0,0.00488755706673296
800.0,50.0,4.533333333333333,0.22058823529411764,0.09999999999999999,1.392456986220826e-17
800.0,50.0,4.533333333333333,0.22058823529411764,0.19999999999999998,1.045839651100678e-17
800.0,50.0,4.533333333333333,0.22058823529411764,0.3,9.141884325789538e-18
800.0,50.0,4.533333333333333,0.22058823529411764,0.39999999999999997,8.563637120811039e-18
800.0,50.0,4.533333333333333,0.22058823529411764,0.49999999999999994,8.402540677155536e-18
800.0,50.0,4.533333333333333,0.22058823529411764,0.6,
800.0,50.0,5.0,0.2,0.0,0.0062258146853407595
800.0,50.0,5.0,0.2,0.09999999999999999,1.4621172590078963e-17
800.0,50.0,5.0,0.2,0.19999999999999998,1.0980965994654452e-17
800.0,50.0,5.0,0.2,0.3,9.598123482197246e-18
800.0,50.0,5.0,0.2,0.39999999999999997,8.990506791908482e-18
800.0,50.0,5.0,0.2,0.49999999999999994,8.820881434414176e-18
800.0,50.0,5.0,0.2,0.6,
800.0,70.0,0.8,1.25,0.0,0.0002819298547235179
800.0,70.0,0.8,1.25,0.09999999999999999,4.986647124112048e-18
800.0,70.0,0.8,1.25,0.19999999999999998,3.755910088197424e-18
800.0,70.0,0.8,1.25,0.3,3.292268670579559e-18
800.0,70.0,0.8,1.25,0.39999999999999997,3.0925287421659696e-18
800.0,70.0,0.8,1.25,0.49999999999999994,3.042627417373868e-18
800.0,70.0,0.8,1.25,0.6,3.1181555949140357e-18
800.0,70.0,1.2666666666666666,0.7894736842105263,0.0,0.0003405896093864341
800.0,70.0,1.2666666666666666,0.7894736842105263,0.09999999999999999,6.2506200502702066e-18
800.0,70.0,1.2666666666666666,0.7894736842105263,0.19999999999999998,4.702063484805625e-18
800.0,70.0,1.2666666666666666,0.7894736842105263,0.3,4.116566838691868e-18
800.0,70.0,1.2666666666666666,0.7894736842105263,0.39999999999999997,3.862138496073403e-18
800.0,70.0,1.2666666666666666,0.7894736842105263,0.49999999999999994,3.7952859566720945e-18
800.0,70.0,1.2666666666666666,0.7894736842105263,0.6,3.884923016896047e-18
800.0,70.0,1.7333333333333334,0.5769230769230769,0.0,0.0004344924159895369
800.0,70.0,1.7333333333333334,0.5769230769230769,0.09999999999999999,7.29889392204397e-18
800.0,70.0,1.7333333333333334,0.5769230769230769,0.19999999999999998,5.4874348688306504e-18
800.0,70.0,1.7333333333333334,0.5769230769230769,0.3,4.801376060626179e-18
800.0,70.0,1.7333333333333334,0.5769230769230769,0.39999999999999997,4.5020543649073165e-18
800.0,70.0,1.7333333333333334,0.5769230769230769,0.49999999999999994,4.421629720461602e-18
800.0,70.0,1.7333333333333334,0.5769230769230769,0.6,4.5235339481785125e-18
800.0,70.0,2.2,0.45454545454545453,0.0,0.0006118217521873526
800.0,70.0,2.2,0.45454545454545453,0.09999999999999999,8.214466139540379e-18
800.0,70.0,2.2,0.45454545454545453,0.19999999999999998,6.173692725117868e-18
800.0,70.0,2.2,0.45454545454545453,0.3,5.400027927121331e-18
800.0,70.0,2.2,0.45454545454545453,0.39999999999999997,5.061706554741166e-18
800.0,70.0,2.2,0.45454545454545453,0.49999999999999994,4.96965021674827e-18
800.0,70.0,2.2,0.45454545454545453,0.6,5.082528102572402e-18
800.0,70.0,2.666666666666667,0.37499999999999994,0.0,0.0009102981028169267
800.0,70.0,2.666666666666667,0.37499999999999994,0.09999999999999999,9.037757212387244e-18
800.0,70.0,2.666666666666667,0.37499999999999994,0.19999999999999998,6.790951500981838e-18
800.0,70.0,2.666666666666667,0.37499999999999994,0.3,5.938635462109642e-18
800.0,70.0,2.666666666666667,0.37499999999999994,0.39999999999999997,5.565361891920259e-18
800.0,70.0,2.666666666666667,0.37499999999999994,0.49999999999999994,5.46296962912873e-18
800.0,70.0,2.666666666666667,0.37499999999999994,0.6,5.585859329284343e-18
800.0,70.0,3.1333333333333337,0.3191489361702127,0.0,0.001351186238268889
800.0,70.0,3.1333333333333337,0.3191489361702127,0.09999999999999999,9.79207112425448e-18
800.0,70.0,3.1333333333333337,0.3191489361702127,0.19999999999999998,7.356599942446332e-18
800.0,70.0,3.1333333333333337,0.3191489361702127,0.3,6.432299797892038e-18
800.0,70.0,3.1333333333333337,0.3191489361702127,0.39999999999999997,6.02707497296713e-18
800.0,70.0,3.1333333333333337,0.3191489361702127,0.49999999999999994,5.915289600749872e-18
800.0,70.0,3.1333333333333337,0.3191489361702127,0.6,6.047442184896652e-18
800.0,70.0,3.5999999999999996,0.2777777777777778,0.0,0.0019424659890248425
800.0,70.0,3.5999999999999996,0.2777777777777778,0.09999999999999999,1.0492295190989347e-17
800.0,70.0,3.5999999999999996,0.2777777777777778,0.19999999999999998,7.881757617290385e-18
800.0,70.0,3.5999999999999996,0.2777777777777778,0.3,6.890687210148029e-18
800.0,70.0,3.5999999999999996,0.2777777777777778,0.39999999999999997,6.455851026123138e-18
800.0,70.0,3.5999999999999996,0.2777777777777778,0.49999999999999994,6.335397773833641e-18
800.0,70.0,3.5999999999999996,0.2777777777777778,0.6,6.476209501921803e-18
800.0,70.0,4.066666666666666,0.24590163934426232,0.0,0.002681314831576893
800.0,70.0,4.066666666666666,0.24590163934426232,0.09999999999999999,1.1148625917450878e-17
800.0,70.0,4.066666666666666,0.24590163934426232,0.19999999999999998,8.374045829957495e-18
800.0,70.0,4.066666666666666,0.24590163934426232,0.3,7.320427567173469e-18
800.0,70.0,4.066666666666666,0.24590163934426232,0.39999999999999997,6.857870822144697e-18
800.0,70.0,4.066666666666666,0.24590163934426232,0.49999999999999994,6.7293297470589846e-18
800.0,70.0,4.066666666666666,0.24590163934426232,0.6,6.8783008109486545e-18
800.0,70.0,4.533333333333333,0.22058823529411764,0.0,0.0035597842253176767
800.0,70.0,4.533333333333333,0.22058823529411764,0.09999999999999999,1.1768409464309785e-17
800.0,70.0,4.533333333333333,0.22058823529411764,0.19999999999999998,8.838958308915252e-18
800.0,70.0,4.533333333333333,0.22058823529411764,0.3,7.726302434176964e-18
800.0,70.0,4.533333333333333,0.22058823529411764,0.39999999999999997,7.237594348604512e-18
800.0,70.0,4.533333333333333,0.22058823529411764,0.49999999999999994,7.101443003827433e-18
800.0,70.0,4.533333333333333,0.22058823529411764,0.6,
800.0,70.0,5.0,0.2,0.0,0.004570187648438398
800.0,70.0,5.0,0.2,0.09999999999999999,1.2357146223625204e-17
800.0,70.0,5.0,0.2,0.19999999999999998,9.280610131411367e-18
800.0,70.0,5.0,0.2,0.3,8.111894898388688e-18
800.0,70.0,5.0,0.2,0.39999999999999997,7.598365067347078e-18
800.0,70.0,5.0,0.2,0.49999999999999994,7.455005474750923e-18
800.0,70.0,5.0,0.2,0.6,
800.0,90.0,0.8,1.25,0.0,0.0002228849786638927
800.0,90.0,0.8,1.25,0.09999999999999999,4.3978093888119734e-18
800.0,90.0,0.8,1.25,0.19999999999999998,3.312401346696352e-18
800.0,90.0,0.8,1.25,0.3,2.9035080505209153e-18
800.0,90.0,0.8,1.25,0.39999999999999997,2.7273539913635145e-18
800.0,90.0,0.8,1.25,0.49999999999999994,2.68334515953266e-18
800.0,90.0,0.8,1.25,0.6,2.749954751115733e-18
800.0,90.0,1.2666666666666666,0.7894736842105263,0.0,0.00026774253392634645
800.0,90.0,1.2666666666666666,0.7894736842105263,0.09999999999999999,5.5125287309896724e-18
800.0,90.0,1.2666666666666666,0.7894736842105263,0.19999999999999998,4.146830209877807e-18
800.0,90.0,1.2666666666666666,0.7894736842105263,0.3,3.630470703518009e-18
800.0,90.0,1.2666666666666666,0.7894736842105263,0.39999999999999997,3.4060859964997446e-18
800.0,90.0,1.2666666666666666,0.7894736842105263,0.49999999999999994,3.347127598576741e-18
800.0,90.0,1.2666666666666666,0.7894736842105263,0.6,3.4261800551125735e-18
800.0,90.0,1.7333333333333334,0.5769230769230769,0.0,0.000340650531232295
800.0,90.0,1.7333333333333334,0.5769230769230769,0.09999999999999999,6.437019387856402e-18
800.0,90.0,1.7333333333333334,0.5769230769230769,0.19999999999999998,4.839462666196747e-18
800.0,90.0,1.7333333333333334,0.5769230769230769,0.3,4.234415669105284e-18
800.0,90.0,1.7333333333333334,0.5769230769230769,0.39999999999999997,3.970438746145865e-18
800.0,90.0,1.7333333333333334,0.5769230769230769,0.49999999999999994,3.899510876651147e-18
800.0,90.0,1.7333333333333334,0.5769230769230769,0.6,3.9893819580128275e-18
800.0,90.0,2.2,0.45454545454545453,0.0,0.0004797836281124234
800.0,90.0,2.2,0.45454545454545453,0.09999999999999999,7.244478186128215e-18
800.0,90.0,2.2,0.45454545454545453,0.19999999999999998,5.444685207196841e-18
800.0,90.0,2.2,0.45454545454545453,0.3,4.762376989322222e-18
800.0,90.0,2.2,0.45454545454545453,0.39999999999999997,4.464005584476891e-18
800.0,90.0,2.2,0.45454545454545453,0.49999999999999994,4.382819525498055e-18
800.0,90.0,2.2,0.45454545454545453,0.6,4.482368463634519e-18
800.0,90.0,2.666666666666667,0.37499999999999994,0.0,0.0007173556185967885
800.0,90.0,2.666666666666667,0.37499999999999994,0.09999999999999999,7.97055266458567e-18
800.0,90.0,2.666666666666667,0.37499999999999994,0.19999999999999998,5.9890562790329164e-18
800.0,90.0,2.666666666666667,0.37499999999999994,0.3,5.2373841866037526e-18
800.0,90.0,2.666666666666667,0.37499999999999994,0.39999999999999997,4.9081878406989775e-18
800.0,90.0,2.666666666666667,0.37499999999999994,0.49999999999999994,4.817886352857793e-18
800.0,90.0,2.666666666666667,0.37499999999999994,0.6,4.9262648812921415e-18
800.0,90.0,3.1333333333333337,0.3191489361702127,0.0,0.0010725573345308078
800.0,90.0,3.1333333333333337,0.3191489361702127,0.09999999999999999,8.635795005011335e-18
800.0,90.0,3.1333333333333337,0.3191489361702127,0.19999999999999998,6.487911314235024e-18
800.0,90.0,3.1333333333333337,0.3191489361702127,0.3,5.6727552078111205e-18
800.0,90.0,3.1333333333333337,0.3191489361702127,0.39999999999999997,5.315380503870789e-18
800.0,90.0,3.1333333333333337,0.3191489361702127,0.49999999999999994,5.216795072170238e-18
800.0,90.0,3.1333333333333337,0.3191489361702127,0.6,5.333342696425878e-18
800.0,90.0,3.5999999999999996,0.2777777777777778,0.0,0.0015531963636087518
800.0,90.0,3.5999999999999996,0.2777777777777778,0.09999999999999999,9.253334585878921e-18
800.0,90.0,3.5999999999999996,0.2777777777777778,0.19999999999999998,6.95105684981312e-18
800.0,90.0,3.5999999999999996,0.2777777777777778,0.3,6.077014906795052e-18
800.0,90.0,3.5999999999999996,0.2777777777777778,0.39999999999999997,5.693525438800991e-18
800.0,90.0,3.5999999999999996,0.2777777777777778,0.49999999999999994,5.587295655412014e-18
800.0,90.0,3.5999999999999996,0.2777777777777778,0.6,5.711479926812857e-18
800.0,90.0,4.066666666666666,0.24590163934426232,0.0,0.0021586241409314506
800.0,90.0,4.066666666666666,0.24590163934426232,0.09999999999999999,9.832163879221443e-18
800.0,90.0,4.066666666666666,0.24590163934426232,0.19999999999999998,7.385214244508338e-18
800.0,90.0,4.066666666666666,0.24590163934426232,0.3,6.456010277800859e-18
800.0,90.0,4.066666666666666,0.24590163934426232,0.39999999999999997,6.048073572933644e-18
800.0,90.0,4.066666666666666,0.24590163934426232,0.49999999999999994,5.934711000289086e-18
800.0,90.0,4.066666666666666,0.24590163934426232,0.6,6.0660911294880126e-18
800.0,90.0,4.533333333333333,0.22058823529411764,0.0,0.0028822837851850826
800.0,90.0,4.533333333333333,0.22058823529411764,0.09999999999999999,1.0378761589780851e-17
800.0,90.0,4.533333333333333,0.22058823529411764,0.19999999999999998,7.79522851141926e-18
800.0,90.0,4.533333333333333,0.22058823529411764,0.3,6.813958264968412e-18
800.0,90.0,4.533333333333333,0.22058823529411764,0.39999999999999997,6.382958245591354e-18
800.0,90.0,4.533333333333333,0.22058823529411764,0.49999999999999994,6.262884045942298e-18
800.0,90.0,4.533333333333333,0.22058823529411764,0.6,
800.0,90.0,5.0,0.2,0.0,0.0037188840446647003
800.0,90.0,5.0,0.2,0.09999999999999999,1.089797860739108e-17
800.0,90.0,5.0,0.2,0.19999999999999998,8.18472880755365e-18
800.0,90.0,5.0,0.2,0.3,7.154018854210011e-18
800.0,90.0,5.0,0.2,0.39999999999999997,6.701128112960307e-18
800.0,90.0,5.0,0.2,0.49999999999999994,6.574696836271986e-18
800.0,90.0,5.0,0.2,0.6,
850.0,30.0,0.8,1.25,0.0,0.00041423446355816845
850.0,30.0,0.8,1.25,0.09999999999999999,7.540454024137349e-18
850.0,30.0,0.8,1.25,0.19999999999999998,5.6794207922601865e-18
850.0,30.0,0.8,1.25,0.3,4.978335132378464e-18
850.0,30.0,0.8,1.25,0.39999999999999997,4.6763025826360555e-18
850.0,30.0,0.8,1.25,0.49999999999999994,4.600845339590777e-18
850.0,30.0,0.8,1.25,0.6,4.715053692011873e-18
850.0,30.0,1.2666666666666666,0.7894736842105263,0.0,0.0005951289490451816
850.0,30.0,1.2666666666666666,0.7894736842105263,0.09999999999999999,9.451744215391543e-18
850.0,30.0,1.2666666666666666,0.7894736842105263,0.19999999999999998,7.11012683865215e-18
850.0,30.0,1.2666666666666666,0.7894736842105263,0.3,6.224780346988918e-18
850.0,30.0,1.2666666666666666,0.7894736842105263,0.39999999999999997,5.840051857017243e-18
850.0,30.0,1.2666666666666666,0.7894736842105263,0.49999999999999994,5.7389621898440184e-18
850.0,30.0,1.2666666666666666,0.7894736842105263,0.6,5.874504993856226e-18
850.0,30.0,1.7333333333333334,0.5769230769230769,0.0,0.0008884857596050175
850.0,30.0,1.7333333333333334,0.5769230769230769,0.09999999999999999,1.1036869598580392e-17
850.0,30.0,1.7333333333333334,0.5769230769230769,0.19999999999999998,8.297709731476897e-18
850.0,30.0,1.7333333333333334,0.5769230769230769,0.3,7.260300272456359e-18
850.0,30.0,1.7333333333333334,0.5769230769230769,0.39999999999999997,6.807687238770965e-18
850.0,30.0,1.7333333333333334,0.5769230769230769,0.49999999999999994,6.6860747972244815e-18
850.0,30.0,1.7333333333333334,0.5769230769230769,0.6,6.840167141753665e-18
850.0,30.0,2.2,0.45454545454545453,0.0,0.0013087035288392565
850.0,30.0,2.2,0.45454545454545453,0.09999999999999999,1.2421332954191377e-17
850.0,30.0,2.2,0.45454545454545453,0.19999999999999998,9.335420178757682e-18
850.0,30.0,2.2,0.45454545454545453,0.3,8.16553915698127e-18
850.0,30.0,2.2,0.45454545454545453,0.39999999999999997,7.653953578981042e-18
850.0,30.0,2.2,0.45454545454545453,0.49999999999999994,7.514752515665436e-18
850.0,30.0,2.2,0.45454545454545453,0.6,7.685438447571513e-18
850.0,30.0,2.666666666666667,0.37499999999999994,0.0,0.0018436423165148561
850.0,30.0,2.666666666666667,0.37499999999999994,0.09999999999999999,1.366625530939841e-17
850.0,30.0,2.666666666666667,0.37499999999999994,0.19999999999999998,1.0268795111407101e-17
850.0,30.0,2.666666666666667,0.37499999999999994,0.3,8.97998326291069e-18
850.0,30.0,2.666666666666667,0.37499999999999994,0.39999999999999997,8.415545450977436e-18
850.0,30.0,2.666666666666667,0.37499999999999994,0.49999999999999994,8.260715135466113e-18
850.0,30.0,2.666666666666667,0.37499999999999994,0.6,8.44654022281869e-18
850.0,30.0,3.1333333333333337,0.3191489361702127,0.0,0.002476069144317127
850.0,30.0,3.1333333333333337,0.3191489361702127,0.09999999999999999,1.480687529509251e-17
850.0,30.0,3.1333333333333337,0.3191489361702127,0.19999999999999998,1.1124128557606504e-17
850.0,30.0,3.1333333333333337,0.3191489361702127,0.3,9.726467451244368e-18
850.0,30.0,3.1333333333333337,0.3191489361702127,0.39999999999999997,9.11371521859974e-18
850.0,30.0,3.1333333333333337,0.3191489361702127,0.49999999999999994,8.94468130941161e-18
850.0,30.0,3.1333333333333337,0.3191489361702127,0.6,9.144513072874754e-18
850.0,30.0,3.5999999999999996,0.2777777777777778,0.0,0.00318553784762116
850.0,30.0,3.5999999999999996,0.2777777777777778,0.09999999999999999,1.586570445417316e-17
850.0,30.0,3.5999999999999996,0.2777777777777778,0.19999999999999998,1.1918234738930597e-17
850.0,30.0,3.5999999999999996,0.2777777777777778,0.3,1.0419608378344895e-17
850.0,30.0,3.5999999999999996,0.2777777777777778,0.39999999999999997,9.76207994917095e-18
850.0,30.0,3.5999999999999996,0.2777777777777778,0.49999999999999994,9.57993908668294e-18
850.0,30.0,3.5999999999999996,0.2777777777777778,0.6,9.792864593379221e-18
850.0,30.0,4.066666666666666,0.24590163934426232,0.0,0.003959022477205619
850.0,30.0,4.066666666666666,0.24590163934426232,0.09999999999999999,1.6858161217935713e-17
850.0,30.0,4.066666666666666,0.24590163934426232,0.19999999999999998,1.2662638051304553e-17
850.0,30.0,4.066666666666666,0.24590163934426232,0.3,1.1069431260730317e-17
850.0,30.0,4.066666666666666,0.24590163934426232,0.39999999999999997,1.0369985765770084e-17
850.0,30.0,4.066666666666666,0.24590163934426232,0.49999999999999994,1.0175615071442788e-17
850.0,30.0,4.066666666666666,0.24590163934426232,0.6,1.0400878546956668e-17
850.0,30.0,4.533333333333333,0.22058823529411764,0.0,0.004786159544663498
850.0,30.0,4.533333333333333,0.22058823529411764,0.09999999999999999,1.7795353929401014e-17
850.0,30.0,4.533333333333333,0.22058823529411764,0.19999999999999998,1.3365645721192773e-17
850.0,30.0,4.533333333333333,0.22058823529411764,0.3,1.16831664421077e-17
850.0,30.0,4.533333333333333,0.22058823529411764,0.39999999999999997,1.0944176745216729e-17
850.0,30.0,4.533333333333333,0.22058823529411764,0.49999999999999994,1.0738298340975235e-17
850.0,30.0,4.533333333333333,0.22058823529411764,0.6,
850.0,30.0,5.0,0.2,0.0,0.005657362147465794
850.0,30.0,5.0,0.2,0.09999999999999999,1.8685599891236584e-17
850.0,30.0,5.0,0.2,0.19999999999999998,1.403348027648632e-17
850.0,30.0,5.0,0.2,0.3,1.2266232012804464e-17
850.0,30.0,5.0,0.2,0.39999999999999997,1.1489708633329697e-17
850.0,30.0,5.0,0.2,0.49999999999999994,1.1272930428127787e-17
850.0,30.0,5.0,0.2,0.6,
850.0,50.0,0.8,1.25,0.0,0.00023046095780407104
850.0,50.0,0.8,1.25,0.09999999999999999,5.8408105716653316e-18
850.0,50.0,0.8,1.25,0.19999999999999998,4.399260428905568e-18
850.0,50.0,0.8,1.25,0.3,3.8562018119082175e-18
850.0,50.0,0.8,1.25,0.39999999999999997,3.622248404875235e-18
850.0,50.0,0.8,1.25,0.49999999999999994,3.563799475742217e-18
850.0,50.0,0.8,1.25,0.6,3.6522648851271546e-18
850.0,50.0,1.2666666666666666,0.7894736842105263,0.0,0.00030047058797019
850.0,50.0,1.2666666666666666,0.7894736842105263,0.09999999999999999,7.321289587764747e-18
850.0,50.0,1.2666666666666666,0.7894736842105263,0.19999999999999998,5.5074805671044325e-18
850.0,50.0,1.2666666666666666,0.7894736842105263,0.3,4.8216941235374614e-18
850.0,50.0,1.2666666666666666,0.7894736842105263,0.39999999999999997,4.523684716643095e-18
850.0,50.0,1.2666666666666666,0.7894736842105263,0.49999999999999994,4.445380997155985e-18
850.0,50.0,1.2666666666666666,0.7894736842105263,0.6,4.5503720016834945e-18
850.0,50.0,1.7333333333333334,0.5769230769230769,0.0,0.00041149115227877666
850.0,50.0,1.7333333333333334,0.5769230769230769,0.09999999999999999,8.549122429912957e-18
850.0,50.0,1.7333333333333334,0.5769230769230769,0.19999999999999998,6.427378320334648e-18
850.0,50.0,1.7333333333333334,0.5769230769230769,0.3,5.62380440873773e-18
850.0,50.0,1.7333333333333334,0.5769230769230769,0.39999999999999997,5.27321186038974e-18
850.0,50.0,1.7333333333333334,0.5769230769230769,0.49999999999999994,5.179011268229509e-18
850.0,50.0,1.7333333333333334,0.5769230769230769,0.6,5.298370685057428e-18
850.0,50.0,2.2,0.45454545454545453,0.0,0.0005817614104466558
850.0,50.0,2.2,0.45454545454545453,0.09999999999999999,9.621523133856117e-18
850.0,50.0,2.2,0.45454545454545453,0.19999999999999998,7.231185376435432e-18
850.0,50.0,2.2,0.45454545454545453,0.3,6.324999433558602e-18
850.0,50.0,2.2,0.45454545454545453,0.39999999999999997,5.928726948807646e-18
850.0,50.0,2.2,0.45454545454545453,0.49999999999999994,5.820902268808504e-18
850.0,50.0,2.2,0.45454545454545453,0.6,5.953115023149331e-18
850.0,50.0,2.666666666666667,0.37499999999999994,0.0,0.0008155086458015634
850.0,50.0,2.666666666666667,0.37499999999999994,0.09999999999999999,1.0585835843663743e-17
850.0,50.0,2.666666666666667,0.37499999999999994,0.19999999999999998,7.954174490419169e-18
850.0,50.0,2.666666666666667,0.37499999999999994,0.3,6.955865125294887e-18
850.0,50.0,2.666666666666667,0.37499999999999994,0.39999999999999997,6.518653476177439e-18
850.0,50.0,2.666666666666667,0.37499999999999994,0.49999999999999994,6.39872242948476e-18
850.0,50.0,2.666666666666667,0.37499999999999994,0.6,6.5426619232095716e-18
850.0,50.0,3.1333333333333337,0.3191489361702127,0.0,0.0011100877388890843
850.0,50.0,3.1333333333333337,0.3191489361702127,0.09999999999999999,1.1469356285452665e-17
850.0,50.0,3.1333333333333337,0.3191489361702127,0.19999999999999998,8.616712928936067e-18
850.0,50.0,3.1333333333333337,0.3191489361702127,0.3,7.534089291219586e-18
850.0,50.0,3.1333333333333337,0.3191489361702127,0.39999999999999997,7.059453452742776e-18
850.0,50.0,3.1333333333333337,0.3191489361702127,0.49999999999999994,6.928520349696782e-18
850.0,50.0,3.1333333333333337,0.3191489361702127,0.6,7.083309368083985e-18
850.0,50.0,3.5999999999999996,0.2777777777777778,0.0,0.0014586351383752457
850.0,50.0,3.5999999999999996,0.2777777777777778,0.09999999999999999,1.2289521825372298e-17
850.0,50.0,3.5999999999999996,0.2777777777777778,0.19999999999999998,9.231824932013781e-18
850.0,50.0,3.5999999999999996,0.2777777777777778,0.3,8.07099394466661e-18
850.0,50.0,3.5999999999999996,0.2777777777777778,0.39999999999999997,7.561674613496886e-18
850.0,50.0,3.5999999999999996,0.2777777777777778,0.49999999999999994,7.420588908080902e-18
850.0,50.0,3.5999999999999996,0.2777777777777778,0.6,7.585520296364397e-18
850.0,50.0,4.066666666666666,0.24590163934426232,0.0,0.0018539177384153682
850.0,50.0,4.066666666666666,0.24590163934426232,0.09999999999999999,1.3058275528948953e-17
850.0,50.0,4.066666666666666,0.24590163934426232,0.19999999999999998,9.808437258350976e-18
850.0,50.0,4.066666666666666,0.24590163934426232,0.3,8.574344584959256e-18
850.0,50.0,4.066666666666666,0.24590163934426232,0.39999999999999997,8.0325564342471e-18
850.0,50.0,4.066666666666666,0.24590163934426232,0.49999999999999994,7.881997541823022e-18
850.0,50.0,4.066666666666666,0.24590163934426232,0.6,8.056485879657835e-18
850.0,50.0,4.533333333333333,0.22058823529411764,0.0,0.0022909955018688495
850.0,50.0,4.533333333333333,0.22058823529411764,0.09999999999999999,1.3784221881687364e-17
850.0,50.0,4.533333333333333,0.22058823529411764,0.19999999999999998,1.0352984657897608e-17
850.0,50.0,4.533333333333333,0.22058823529411764,0.3,9.049741812250494e-18
850.0,50.0,4.533333333333333,0.22058823529411764,0.39999999999999997,8.477322854434978e-18
850.0,50.0,4.533333333333333,0.22058823529411764,0.49999999999999994,8.317850128240764e-18
850.0,50.0,4.533333333333333,0.22058823529411764,0.6,
850.0,50.0,5.0,0.2,0.0,0.0027644929732238825
850.0,50.0,5.0,0.2,0.09999999999999999,1.447380343853088e-17
850.0,50.0,5.0,0.2,0.19999999999999998,1.0870287080032358e-17
850.0,50.0,5.0,0.2,0.3,9.501382461261596e-18
850.0,50.0,5.0,0.2,0.39999999999999997,8.899890037932301e-18
850.0,50.0,5.0,0.2,0.49999999999999994,8.731974362218753e-18
850.0,50.0,5.0,0.2,0.6,
850.0,70.0,0.8,1.25,0.0,0.00016121960958452483
850.0,70.0,0.8,1.25,0.09999999999999999,4.9363859057062535e-18
850.0,70.0,0.8,1.25,0.19999999999999998,3.718053669148339e-18
850.0,70.0,0.8,1.25,0.3,3.2590853684260445e-18
850.0,70.0,0.8,1.25,0.39999999999999997,3.0613586510638874e-18
850.0,70.0,0.8,1.25,0.49999999999999994,3.0119602899227917e-18
850.0,70.0,0.8,1.25,0.6,3.0867272070607726e-18
850.0,70.0,1.2666666666666666,0.7894736842105263,0.0,0.00020260626374596743
850.0,70.0,1.2666666666666666,0.7894736842105263,0.09999999999999999,6.1876190451989635e-18
850.0,70.0,1.2666666666666666,0.7894736842105263,0.19999999999999998,4.654670634122934e-18
850.0,70.0,1.2666666666666666,0.7894736842105263,0.3,4.075075303507171e-18
850.0,70.0,1.2666666666666666,0.7894736842105263,0.39999999999999997,3.823211385321276e-18
850.0,70.0,1.2666666666666666,0.7894736842105263,0.49999999999999994,3.7570326636356775e-18
850.0,70.0,1.2666666666666666,0.7894736842105263,0.6,3.845766257820322e-18
850.0,70.0,1.7333333333333334,0.5769230769230769,0.0,0.0002666853406060806
850.0,70.0,1.7333333333333334,0.5769230769230769,0.09999999999999999,7.225327195835931e-18
850.0,70.0,1.7333333333333334,0.5769230769230769,0.19999999999999998,5.432126134180653e-18
850.0,70.0,1.7333333333333334,0.5769230769230769,0.3,4.752982223805682e-18
850.0,70.0,1.7333333333333334,0.5769230769230769,0.39999999999999997,4.4566774398932654e-18
850.0,70.0,1.7333333333333334,0.5769230769230769,0.49999999999999994,4.3770634086311006e-18
850.0,70.0,1.7333333333333334,0.5769230769230769,0.6,4.477940527605129e-18
850.0,70.0,2.2,0.45454545454545453,0.0,0.00036815023179761276
850.0,70.0,2.2,0.45454545454545453,0.09999999999999999,8.131671213547348e-18
850.0,70.0,2.2,0.45454545454545453,0.19999999999999998,6.111467087625036e-18
850.0,70.0,2.2,0.45454545454545453,0.3,5.3456001824275105e-18
850.0,70.0,2.2,0.45454545454545453,0.39999999999999997,5.010688805908398e-18
850.0,70.0,2.2,0.45454545454545453,0.49999999999999994,4.919560318842382e-18
850.0,70.0,2.2,0.45454545454545453,0.6,5.031300490702909e-18
850.0,70.0,2.666666666666667,0.37499999999999994,0.0,0.0005133991116310492
850.0,70.0,2.666666666666667,0.37499999999999994,0.09999999999999999,8.94666420313005e-18
850.0,70.0,2.666666666666667,0.37499999999999994,0.19999999999999998,6.72250441343079e-18
850.0,70.0,2.666666666666667,0.37499999999999994,0.3,5.87877900596068e-18
850.0,70.0,2.666666666666667,0.37499999999999994,0.39999999999999997,5.509267720492197e-18
850.0,70.0,2.666666666666667,0.37499999999999994,0.49999999999999994,5.407907486105835e-18
850.0,70.0,2.666666666666667,0.37499999999999994,0.6,5.529558561650829e-18
850.0,70.0,3.1333333333333337,0.3191489361702127,0.0,0.000703281205463146
850.0,70.0,3.1333333333333337,0.3191489361702127,0.09999999999999999,9.693375263647575e-18
850.0,70.0,3.1333333333333337,0.3191489361702127,0.19999999999999998,7.282451593664535e-18
850.0,70.0,3.1333333333333337,0.3191489361702127,0.3,6.367467619978787e-18
850.0,70.0,3.1333333333333337,0.3191489361702127,0.39999999999999997,5.966327121643474e-18
850.0,70.0,3.1333333333333337,0.3191489361702127,0.49999999999999994,5.8556684525193445e-18
850.0,70.0,3.1333333333333337,0.3191489361702127,0.6,5.98648904999454e-18
850.0,70.0,3.5999999999999996,0.2777777777777778,0.0,0.0009351012331605586
850.0,70.0,3.5999999999999996,0.2777777777777778,0.09999999999999999,1.038654165929236e-17
850.0,70.0,3.5999999999999996,0.2777777777777778,0.19999999999999998,7.802316120200246e-18
850.0,70.0,3.5999999999999996,0.2777777777777778,0.3,6.821234872223079e-18
850.0,70.0,3.5999999999999996,0.2777777777777778,0.39999999999999997,6.390781472469506e-18
850.0,70.0,3.5999999999999996,0.2777777777777778,0.49999999999999994,6.2715422882558126e-18
850.0,70.0,3.5999999999999996,0.2777777777777778,0.6,6.410934752801888e-18
850.0,70.0,4.066666666666666,0.24590163934426232,0.0,0.0012040762106112792
850.0,70.0,4.066666666666666,0.24590163934426232,0.09999999999999999,1.1036257122708478e-17
850.0,70.0,4.066666666666666,0.24590163934426232,0.19999999999999998,8.289642481133034e-18
850.0,70.0,4.066666666666666,0.24590163934426232,0.3,7.246643807486733e-18
850.0,70.0,4.066666666666666,0.24590163934426232,0.39999999999999997,6.788749246750859e-18
850.0,70.0,4.066666666666666,0.24590163934426232,0.49999999999999994,6.661503758231436e-18
850.0,70.0,4.066666666666666,0.24590163934426232,0.6,6.808973319353033e-18
850.0,70.0,4.533333333333333,0.22058823529411764,0.0,0.0015069933282891666
850.0,70.0,4.533333333333333,0.22058823529411764,0.09999999999999999,1.1649793771429999e-17
850.0,70.0,4.533333333333333,0.22058823529411764,0.19999999999999998,8.74986903276122e-18
850.0,70.0,4.533333333333333,0.22058823529411764,0.3,7.648427796818063e-18
850.0,70.0,4.533333333333333,0.22058823529411764,0.39999999999999997,7.164645479133014e-18
850.0,70.0,4.533333333333333,0.22058823529411764,0.49999999999999994,7.02986642607682e-18
850.0,70.0,4.533333333333333,0.22058823529411764,0.6,
850.0,70.0,5.0,0.2,0.0,0.0018404898434494347
850.0,70.0,5.0,0.2,0.09999999999999999,1.2232596558178607e-17
850.0,70.0,5.0,0.2,0.19999999999999998,9.187069375809769e-18
850.0,70.0,5.0,0.2,0.3,8.03013381293814e-18
850.0,70.0,5.0,0.2,0.39999999999999997,7.521779932174422e-18
850.0,70.0,5.0,0.2,0.49999999999999994,7.379865284409505e-18
850.0,70.0,5.0,0.2,0.6,
850.0,90.0,0.8,1.25,0.0,0.00012466797660006491
850.0,90.0,0.8,1.25,0.09999999999999999,4.353483160647696e-18
850.0,90.0,0.8,1.25,0.19999999999999998,3.279015123252577e-18
850.0,90.0,0.8,1.25,0.3,2.874243128794877e-18
850.0,90.0,0.8,1.25,0.39999999999999997,2.699864554897068e-18
850.0,90.0,0.8,1.25,0.49999999999999994,2.65629929531257e-18
850.0,90.0,0.8,1.25,0.6,2.7222375183265934e-18
850.0,90.0,1.2666666666666666,0.7894736842105263,0.0,0.00015391653811653466
850.0,90.0,1.2666666666666666,0.7894736842105263,0.09999999999999999,5.456967067067795e-18
850.0,90.0,1.2666666666666666,0.7894736842105263,0.19999999999999998,4.1050336442682004e-18
850.0,90.0,1.2666666666666666,0.7894736842105263,0.3,3.593878608980344e-18
850.0,90.0,1.2666666666666666,0.7894736842105263,0.39999999999999997,3.371755511730279e-18
850.0,90.0,1.2666666666666666,0.7894736842105263,0.49999999999999994,3.3133913651755276e-18
850.0,90.0,1.2666666666666666,0.7894736842105263,0.6,3.3916470395586938e-18
850.0,90.0,1.7333333333333334,0.5769230769230769,0.0,0.00019852136781808188
850.0,90.0,1.7333333333333334,0.5769230769230769,0.09999999999999999,6.372139633751185e-18
850.0,90.0,1.7333333333333334,0.5769230769230769,0.19999999999999998,4.790684947125564e-18
850.0,90.0,1.7333333333333334,0.5769230769230769,0.3,4.191736316700192e-18
850.0,90.0,1.7333333333333334,0.5769230769230769,0.39999999999999997,3.9304200598631964e-18
850.0,90.0,1.7333333333333334,0.5769230769230769,0.49999999999999994,3.860207083999528e-18
850.0,90.0,1.7333333333333334,0.5769230769230769,0.6,3.949172340593512e-18
850.0,90.0,2.2,0.45454545454545453,0.0,0.0002704904976143829
850.0,90.0,2.2,0.45454545454545453,0.09999999999999999,7.171459924796362e-18
850.0,90.0,2.2,0.45454545454545453,0.19999999999999998,5.389807353204011e-18
850.0,90.0,2.2,0.45454545454545453,0.3,4.714376230361566e-18
850.0,90.0,2.2,0.45454545454545453,0.39999999999999997,4.4190121591896035e-18
850.0,90.0,2.2,0.45454545454545453,0.49999999999999994,4.338644387812856e-18
850.0,90.0,2.2,0.45454545454545453,0.6,4.437189956545713e-18
850.0,90.0,2.666666666666667,0.37499999999999994,0.0,0.0003763724906554391
850.0,90.0,2.666666666666667,0.37499999999999994,0.09999999999999999,7.890216181695323e-18
850.0,90.0,2.666666666666667,0.37499999999999994,0.19999999999999998,5.9286916218240024e-18
850.0,90.0,2.666666666666667,0.37499999999999994,0.3,5.1845957541598194e-18
850.0,90.0,2.666666666666667,0.37499999999999994,0.39999999999999997,4.858717431499353e-18
850.0,90.0,2.666666666666667,0.37499999999999994,0.49999999999999994,4.769326107160176e-18
850.0,90.0,2.666666666666667,0.37499999999999994,0.6,4.876612271365371e-18
850.0,90.0,3.1333333333333337,0.3191489361702127,0.0,0.0005181235108543338
850.0,90.0,3.1333333333333337,0.3191489361702127,0.09999999999999999,8.54875343747888e-18
850.0,90.0,3.1333333333333337,0.3191489361702127,0.19999999999999998,6.422518617234119e-18
850.0,90.0,3.1333333333333337,0.3191489361702127,0.3,5.615578601240069e-18
850.0,90.0,3.1333333333333337,0.3191489361702127,0.39999999999999997,5.2618059347761485e-18
850.0,90.0,3.1333333333333337,0.3191489361702127,0.49999999999999994,5.164214161804206e-18
850.0,90.0,3.1333333333333337,0.3191489361702127,0.6,5.27958708423229e-18
850.0,90.0,3.5999999999999996,0.2777777777777778,0.0,0.0006949068605817988
850.0,90.0,3.5999999999999996,0.2777777777777778,0.09999999999999999,9.160068737499917e-18
850.0,90.0,3.5999999999999996,0.2777777777777778,0.19999999999999998,6.88099603478673e-18
850.0,90.0,3.5999999999999996,0.2777777777777778,0.3,6.015763702087905e-18
850.0,90.0,3.5999999999999996,0.2777777777777778,0.39999999999999997,5.636139486504496e-18
850.0,90.0,3.5999999999999996,0.2777777777777778,0.49999999999999994,5.5309804105166136e-18
850.0,90.0,3.5999999999999996,0.2777777777777778,0.6,5.653913009125049e-18
850.0,90.0,4.066666666666666,0.24590163934426232,0.0,0.0009028766385551102
850.0,90.0,4.066666666666666,0.24590163934426232,0.09999999999999999,9.733063917217293e-18
850.0,90.0,4.066666666666666,0.24590163934426232,0.19999999999999998,7.310777487571483e-18
850.0,90.0,4.066666666666666,0.24590163934426232,0.3,6.390939118158706e-18
850.0,90.0,4.066666666666666,0.24590163934426232,0.39999999999999997,5.987114073359947e-18
850.0,90.0,4.066666666666666,0.24590163934426232,0.49999999999999994,5.874894100667507e-18
850.0,90.0,4.066666666666666,0.24590163934426232,0.6,6.004950028894035e-18
850.0,90.0,4.533333333333333,0.22058823529411764,0.0,0.0011400898699925998
850.0,90.0,4.533333333333333,0.22058823529411764,0.09999999999999999,1.0274152381464338e-17
850.0,90.0,4.533333333333333,0.22058823529411764,0.19999999999999998,7.716659155023819e-18
850.0,90.0,4.533333333333333,0.22058823529411764,0.3,6.745279290338083e-18
850.0,90.0,4.533333333333333,0.22058823529411764,0.39999999999999997,6.318623389909722e-18
850.0,90.0,4.533333333333333,0.22058823529411764,0.49999999999999994,6.199759437800565e-18
850.0,90.0,4.533333333333333,0.22058823529411764,0.6,
850.0,90.0,5.0,0.2,0.0,0.0014036427392599734
850.0,90.0,5.0,0.2,0.09999999999999999,1.0788136127175083e-17
850.0,90.0,5.0,0.2,0.19999999999999998,8.102233615296683e-18
850.0,90.0,5.0,0.2,0.3,7.081912354535063e-18
850.0,90.0,5.0,0.2,0.39999999999999997,6.633586372363268e-18
850.0,90.0,5.0,0.2,0.49999999999999994,6.508429417235501e-18
850.0,90.0,5.0,0.2,0.6,
900.0,30.0,0.8,1.25,0.0,0.00037339156132877913
900.0,30.0,0.8,1.25,0.09999999999999999,7.459434478000745e-18
900.0,30.0,0.8,1.25,0.19999999999999998,5.618397416487919e-18
900.0,30.0,0.8,1.25,0.3,4.924844680306699e-18
900.0,30.0,0.8,1.25,0.39999999999999997,4.626057366064293e-18
900.0,30.0,0.8,1.25,0.49999999999999994,4.551410885851196e-18
900.0,30.0,0.8,1.25,0.6,4.664392110968091e-18
900.0,30.0,1.2666666666666666,0.7894736842105263,0.0,0.0006394066787496052
900.0,30.0,1.2666666666666666,0.7894736842105263,0.09999999999999999,9.350188521797784e-18
900.0,30.0,1.2666666666666666,0.7894736842105263,0.19999999999999998,7.033731029866118e-18
900.0,30.0,1.2666666666666666,0.7894736842105263,0.3,6.157897281205725e-18
900.0,30.0,1.2666666666666666,0.7894736842105263,0.39999999999999997,5.777302566114663e-18
900.0,30.0,1.2666666666666666,0.7894736842105263,0.49999999999999994,5.6772990735171705e-18
900.0,30.0,1.2666666666666666,0.7894736842105263,0.6,5.811385519377025e-18
900.0,30.0,1.7333333333333334,0.5769230769230769,0.0,0.0009822841363868828
900.0,30.0,1.7333333333333334,0.5769230769230769,0.09999999999999999,1.0918282284954964e-17
900.0,30.0,1.7333333333333334,0.5769230769230769,0.19999999999999998,8.208553762462278e-18
900.0,30.0,1.7333333333333334,0.5769230769230769,0.3,7.182290910743586e-18
900.0,30.0,1.7333333333333334,0.5769230769230769,0.39999999999999997,6.7345410479646134e-18
900.0,30.0,1.7333333333333334,0.5769230769230769,0.49999999999999994,6.6142352912831865e-18
900.0,30.0,1.7333333333333334,0.5769230769230769,0.6,6.766671969644979e-18
900.0,30.0,2.2,0.45454545454545453,0.0,0.0013644796536327883
900.0,30.0,2.2,0.45454545454545453,0.09999999999999999,1.2287870064192126e-17
900.0,30.0,2.2,0.45454545454545453,0.19999999999999998,9.235114376221896e-18
900.0,30.0,2.2,0.45454545454545453,0.3,8.07780332313145e-18
900.0,30.0,2.2,0.45454545454545453,0.39999999999999997,7.571714555699607e-18
900.0,30.0,2.2,0.45454545454545453,0.49999999999999994,7.434009161061512e-18
900.0,30.0,2.2,0.45454545454545453,0.6,7.602861134778772e-18
900.0,30.0,2.666666666666667,0.37499999999999994,0.0,0.0017647883226067
900.0,30.0,2.666666666666667,0.37499999999999994,0.09999999999999999,1.3519416162498768e-17
900.0,30.0,2.666666666666667,0.37499999999999994,0.19999999999999998,1.0158460523747438e-17
900.0,30.0,2.666666666666667,0.37499999999999994,0.3,8.883496514764031e-18
900.0,30.0,2.666666666666667,0.37499999999999994,0.39999999999999997,8.325123392434511e-18
900.0,30.0,2.666666666666667,0.37499999999999994,0.49999999999999994,8.171956676649345e-18
900.0,30.0,2.666666666666667,0.37499999999999994,0.6,8.355785141126969e-18
900.0,30.0,3.1333333333333337,0.3191489361702127,0.0,0.002172211957728149
900.0,30.0,3.1333333333333337,0.3191489361702127,0.09999999999999999,1.4647780583935436e-17
900.0,30.0,3.1333333333333337,0.3191489361702127,0.19999999999999998,1.100460371313533e-17
900.0,30.0,3.1333333333333337,0.3191489361702127,0.3,9.62195999412016e-18
900.0,30.0,3.1333333333333337,0.3191489361702127,0.39999999999999997,9.015791572875006e-18
900.0,30.0,3.1333333333333337,0.3191489361702127,0.49999999999999994,8.84857387624239e-18
900.0,30.0,3.1333333333333337,0.3191489361702127,0.6,9.046258520218505e-18
900.0,30.0,3.5999999999999996,0.2777777777777778,0.0,0.0025803732363840408
900.0,30.0,3.5999999999999996,0.2777777777777778,0.09999999999999999,1.5695232992706698e-17
900.0,30.0,3.5999999999999996,0.2777777777777778,0.19999999999999998,1.1790177503064042e-17
900.0,30.0,3.5999999999999996,0.2777777777777778,0.3,1.0307653366749808e-17
900.0,30.0,3.5999999999999996,0.2777777777777778,0.39999999999999997,9.657189853771409e-18
900.0,30.0,3.5999999999999996,0.2777777777777778,0.49999999999999994,9.47700603363761e-18
900.0,30.0,3.5999999999999996,0.2777777777777778,0.6,9.68764373336329e-18
900.0,30.0,4.066666666666666,0.24590163934426232,0.0,0.0029889560302154387
900.0,30.0,4.066666666666666,0.24590163934426232,0.09999999999999999,1.6677026154430194e-17
900.0,30.0,4.066666666666666,0.24590163934426232,0.19999999999999998,1.2526582463878793e-17
900.0,30.0,4.066666666666666,0.24590163934426232,0.3,1.095049413175888e-17
900.0,30.0,4.066666666666666,0.24590163934426232,0.39999999999999997,1.0258563937415682e-17
900.0,30.0,4.066666666666666,0.24590163934426232,0.49999999999999994,1.0066281690867157e-17
900.0,30.0,4.066666666666666,0.24590163934426232,0.6,1.0289124792445646e-17
900.0,30.0,4.533333333333333,0.22058823529411764,0.0,0.0033965446840021275
900.0,30.0,4.533333333333333,0.22058823529411764,0.09999999999999999,1.76041490568481e-17
900.0,30.0,4.533333333333333,0.22058823529411764,0.19999999999999998,1.3222036563818335e-17
900.0,30.0,4.533333333333333,0.22058823529411764,0.3,1.1557634945364069e-17
900.0,30.0,4.533333333333333,0.22058823529411764,0.39999999999999997,1.0826585437907224e-17
900.0,30.0,4.533333333333333,0.22058823529411764,0.49999999999999994,1.0622919127912555e-17
900.0,30.0,4.533333333333333,0.22058823529411764,0.6,
900.0,30.0,5.0,0.2,0.0,0.0038032892114355115
900.0,30.0,5.0,0.2,0.09999999999999999,1.8484829636106636e-17
900.0,30.0,5.0,0.2,0.19999999999999998,1.3882695471900925e-17
900.0,30.0,5.0,0.2,0.3,1.213443568242521e-17
900.0,30.0,5.0,0.2,0.39999999999999997,1.1366255778864176e-17
900.0,30.0,5.0,0.2,0.49999999999999994,1.1151806782600445e-17
900.0,30.0,5.0,0.2,0.6,
900.0,50.0,0.8,1.25,0.0,0.00016858200286719554
900.0,50.0,0.8,1.25,0.09999999999999999,5.778053101084461e-18
900.0,50.0,0.8,1.25,0.19999999999999998,4.351991925286497e-18
900.0,50.0,0.8,1.25,0.3,3.814768285897207e-18
900.0,50.0,0.8,1.25,0.39999999999999997,3.583328627473432e-18
900.0,50.0,0.8,1.25,0.49999999999999994,3.5255077125297656e-18
900.0,50.0,0.8,1.25,0.6,3.6130225931921344e-18
900.0,50.0,1.2666666666666666,0.7894736842105263,0.0,0.0002517340021215949
900.0,50.0,1.2666666666666666,0.7894736842105263,0.09999999999999999,7.242624885764513e-18
900.0,50.0,1.2666666666666666,0.7894736842105263,0.19999999999999998,5.448304628074764e-18
900.0,50.0,1.2666666666666666,0.7894736842105263,0.3,4.7698867235531395e-18
900.0,50.0,1.2666666666666666,0.7894736842105263,0.39999999999999997,4.475079324912692e-18
900.0,50.0,1.2666666666666666,0.7894736842105263,0.49999999999999994,4.3976169526341595e-18
900.0,50.0,1.2666666666666666,0.7894736842105263,0.6,4.501479866987631e-18
900.0,50.0,1.7333333333333334,0.5769230769230769,0.0,0.00036721077762448296
900.0,50.0,1.7333333333333334,0.5769230769230769,0.09999999999999999,8.457265091764406e-18
900.0,50.0,1.7333333333333334,0.5769230769230769,0.19999999999999998,6.358318403692928e-18
900.0,50.0,1.7333333333333334,0.5769230769230769,0.3,5.563378616985361e-18
900.0,50.0,1.7333333333333334,0.5769230769230769,0.39999999999999997,5.2165530646234394e-18
900.0,50.0,1.7333333333333334,0.5769230769230769,0.49999999999999994,5.123364626207429e-18
900.0,50.0,1.7333333333333334,0.5769230769230769,0.6,5.24144156953671e-18
900.0,50.0,2.2,0.45454545454545453,0.0,0.0005101323819150439
900.0,50.0,2.2,0.45454545454545453,0.09999999999999999,9.518143223795355e-18
900.0,50.0,2.2,0.45454545454545453,0.19999999999999998,7.153488835885621e-18
900.0,50.0,2.2,0.45454545454545453,0.3,6.257039548885406e-18
900.0,50.0,2.2,0.45454545454545453,0.39999999999999997,5.865024875292174e-18
900.0,50.0,2.2,0.45454545454545453,0.49999999999999994,5.758358735268921e-18
900.0,50.0,2.2,0.45454545454545453,0.6,5.889150911705162e-18
900.0,50.0,2.666666666666667,0.37499999999999994,0.0,0.0006737356394596318
900.0,50.0,2.666666666666667,0.37499999999999994,0.09999999999999999,1.0472094729561023e-17
900.0,50.0,2.666666666666667,0.37499999999999994,0.19999999999999998,7.86870968631586e-18
900.0,50.0,2.666666666666667,0.37499999999999994,0.3,6.881126811554544e-18
900.0,50.0,2.666666666666667,0.37499999999999994,0.39999999999999997,6.448612850804131e-18
900.0,50.0,2.666666666666667,0.37499999999999994,0.49999999999999994,6.329970422918285e-18
900.0,50.0,2.666666666666667,0.37499999999999994,0.6,6.472363339214428e-18
900.0,50.0,3.1333333333333337,0.3191489361702127,0.0,0.0008523424042013937
900.0,50.0,3.1333333333333337,0.3191489361702127,0.09999999999999999,1.1346122052096459e-17
900.0,50.0,3.1333333333333337,0.3191489361702127,0.19999999999999998,8.524129382517086e-18
900.0,50.0,3.1333333333333337,0.3191489361702127,0.3,7.453138163020278e-18
900.0,50.0,3.1333333333333337,0.3191489361702127,0.39999999999999997,6.983602122924413e-18
900.0,50.0,3.1333333333333337,0.3191489361702127,0.49999999999999994,6.854075852074558e-18
900.0,50.0,3.1333333333333337,0.3191489361702127,0.6,7.007201718858646e-18
900.0,50.0,3.5999999999999996,0.2777777777777778,0.0,0.0010411875346102901
900.0,50.0,3.5999999999999996,0.2777777777777778,0.09999999999999999,1.2157475199119646e-17
900.0,50.0,3.5999999999999996,0.2777777777777778,0.19999999999999998,9.132632223639276e-18
900.0,50.0,3.5999999999999996,0.2777777777777778,0.3,7.984273965580164e-18
900.0,50.0,3.5999999999999996,0.2777777777777778,0.39999999999999997,7.48042709496398e-18
900.0,50.0,3.5999999999999996,0.2777777777777778,0.49999999999999994,7.340857308037134e-18
900.0,50.0,3.5999999999999996,0.2777777777777778,0.6,7.504016568661331e-18
900.0,50.0,4.066666666666666,0.24590163934426232,0.0,0.0012383731685881177
900.0,50.0,4.066666666666666,0.24590163934426232,0.09999999999999999,1.2917968912074736e-17
900.0,50.0,4.066666666666666,0.24590163934426232,0.19999999999999998,9.703049053499288e-18
900.0,50.0,4.066666666666666,0.24590163934426232,0.3,8.482216281008838e-18
900.0,50.0,4.066666666666666,0.24590163934426232,0.39999999999999997,7.946249457122986e-18
900.0,50.0,4.066666666666666,0.24590163934426232,0.49999999999999994,7.797308269392227e-18
900.0,50.0,4.066666666666666,0.24590163934426232,0.6,7.969921793638367e-18
900.0,50.0,4.533333333333333,0.22058823529411764,0.0,0.0014420724805976426
900.0,50.0,4.533333333333333,0.22058823529411764,0.09999999999999999,1.3636115224265136e-17
900.0,50.0,4.533333333333333,0.22058823529411764,0.19999999999999998,1.024174548292279e-17
900.0,50.0,4.533333333333333,0.22058823529411764,0.3,8.952505532987979e-18
900.0,50.0,4.533333333333333,0.22058823529411764,0.39999999999999997,8.386237019461285e-18
900.0,50.0,4.533333333333333,0.22058823529411764,0.49999999999999994,8.22847777410271e-18
900.0,50.0,4.533333333333333,0.22058823529411764,0.6,
900.0,50.0,5.0,0.2,0.0,0.0016508769785312648
900.0,50.0,5.0,0.2,0.09999999999999999,1.431828746762446e-17
900.0,50.0,5.0,0.2,0.19999999999999998,1.075348967262828e-17
900.0,50.0,5.0,0.2,0.3,9.399293462731576e-18
900.0,50.0,5.0,0.2,0.39999999999999997,8.804263868054952e-18
900.0,50.0,5.0,0.2,0.49999999999999994,8.638152389826886e-18
900.0,50.0,5.0,0.2,0.6,
900.0,70.0,0.8,1.25,0.0,0.0001086578215727566
900.0,70.0,0.8,1.25,0.09999999999999999,4.883346162428829e-18
900.0,70.0,0.8,1.25,0.19999999999999998,3.678104492200031e-18
900.0,70.0,0.8,1.25,0.3,3.2240676476294352e-18
900.0,70.0,0.8,1.25,0.39999999999999997,3.028465435599666e-18
900.0,70.0,0.8,1.25,0.49999999999999994,2.9795978433227314e-18
900.0,70.0,0.8,1.25,0.6,3.0535614170665908e-18
900.0,70.0,1.2666666666666666,0.7894736842105263,0.0,0.0001504806524428213
900.0,70.0,1.2666666666666666,0.7894736842105263,0.09999999999999999,6.121135237606515e-18
900.0,70.0,1.2666666666666666,0.7894736842105263,0.19999999999999998,4.6046578374744555e-18
900.0,70.0,1.2666666666666666,0.7894736842105263,0.3,4.0312900589839994e-18
900.0,70.0,1.2666666666666666,0.7894736842105263,0.39999999999999997,3.78213233169758e-18
900.0,70.0,1.2666666666666666,0.7894736842105263,0.49999999999999994,3.716664678185013e-18
900.0,70.0,1.2666666666666666,0.7894736842105263,0.6,3.804444862159354e-18
900.0,70.0,1.7333333333333334,0.5769230769230769,0.0,0.00020960636450699657
900.0,70.0,1.7333333333333334,0.5769230769230769,0.09999999999999999,7.147693575671646e-18
900.0,70.0,1.7333333333333334,0.5769230769230769,0.19999999999999998,5.373759851799708e-18
900.0,70.0,1.7333333333333334,0.5769230769230769,0.3,4.701913108810827e-18
900.0,70.0,1.7333333333333334,0.5769230769230769,0.39999999999999997,4.408792017583581e-18
900.0,70.0,1.7333333333333334,0.5769230769230769,0.49999999999999994,4.330033412364785e-18
900.0,70.0,1.7333333333333334,0.5769230769230769,0.6,4.429826643404863e-18
900.0,70.0,2.2,0.45454545454545453,0.0,0.0002871504931512871
900.0,70.0,2.2,0.45454545454545453,0.09999999999999999,8.044299242706043e-18
900.0,70.0,2.2,0.45454545454545453,0.19999999999999998,6.0458015258016764e-18
900.0,70.0,2.2,0.45454545454545453,0.3,5.288163596745099e-18
900.0,70.0,2.2,0.45454545454545453,0.39999999999999997,4.956850727441768e-18
900.0,70.0,2.2,0.45454545454545453,0.49999999999999994,4.866701385365648e-18
900.0,70.0,2.2,0.45454545454545453,0.6,4.977240949765939e-18
900.0,70.0,2.666666666666667,0.37499999999999994,0.0,0.00038095959068973356
900.0,70.0,2.666666666666667,0.37499999999999994,0.09999999999999999,8.850535416608573e-18
900.0,70.0,2.666666666666667,0.37499999999999994,0.19999999999999998,6.65027347061334e-18
900.0,70.0,2.666666666666667,0.37499999999999994,0.3,5.815613602111794e-18
900.0,70.0,2.666666666666667,0.37499999999999994,0.39999999999999997,5.450072587954099e-18
900.0,70.0,2.666666666666667,0.37499999999999994,0.49999999999999994,5.349801435235056e-18
900.0,70.0,2.666666666666667,0.37499999999999994,0.6,5.470145414285944e-18
900.0,70.0,3.1333333333333337,0.3191489361702127,0.0,0.0004883450006238764
900.0,70.0,3.1333333333333337,0.3191489361702127,0.09999999999999999,9.589223326998372e-18
900.0,70.0,3.1333333333333337,0.3191489361702127,0.19999999999999998,7.204204215490678e-18
900.0,70.0,3.1333333333333337,0.3191489361702127,0.3,6.2990514295560674e-18
900.0,70.0,3.1333333333333337,0.3191489361702127,0.39999999999999997,5.902221047520668e-18
900.0,70.0,3.1333333333333337,0.3191489361702127,0.49999999999999994,5.792751368612795e-18
900.0,70.0,3.1333333333333337,0.3191489361702127,0.6,5.92216634643436e-18
900.0,70.0,3.5999999999999996,0.2777777777777778,0.0,0.0006058303625163412
900.0,70.0,3.5999999999999996,0.2777777777777778,0.09999999999999999,1.0274941891292388e-17
900.0,70.0,3.5999999999999996,0.2777777777777778,0.19999999999999998,7.718482980679487e-18
900.0,70.0,3.5999999999999996,0.2777777777777778,0.3,6.747943112928201e-18
900.0,70.0,3.5999999999999996,0.2777777777777778,0.39999999999999997,6.322114786495286e-18
900.0,70.0,3.5999999999999996,0.2777777777777778,0.49999999999999994,6.204156787242509e-18
900.0,70.0,3.5999999999999996,0.2777777777777778,0.6,6.342051530557409e-18
900.0,70.0,4.066666666666666,0.24590163934426232,0.0,0.000732097082072207
900.0,70.0,4.066666666666666,0.24590163934426232,0.09999999999999999,1.0917676388490668e-17
900.0,70.0,4.066666666666666,0.24590163934426232,0.19999999999999998,8.200573191404428e-18
900.0,70.0,4.066666666666666,0.24590163934426232,0.3,7.168781179422114e-18
900.0,70.0,4.066666666666666,0.24590163934426232,0.39999999999999997,6.7158065378216565e-18
900.0,70.0,4.066666666666666,0.24590163934426232,0.49999999999999994,6.589928259306686e-18
900.0,70.0,4.066666666666666,0.24590163934426232,0.6,6.7358133137469955e-18
900.0,70.0,4.533333333333333,0.22058823529411764,0.0,0.0008655949071370097
900.0,70.0,4.533333333333333,0.22058823529411764,0.09999999999999999,1.1524620799755981e-17
900.0,70.0,4.533333333333333,0.22058823529411764,0.19999999999999998,8.655854770738762e-18
900.0,70.0,4.533333333333333,0.22058823529411764,0.3,7.566248141685378e-18
900.0,70.0,4.533333333333333,0.22058823529411764,0.39999999999999997,7.087663898159498e-18
900.0,70.0,4.533333333333333,0.22058823529411764,0.49999999999999994,6.954333000721938e-18
900.0,70.0,4.533333333333333,0.22058823529411764,0.6,
900.0,70.0,5.0,0.2,0.0,0.0010049071738348968
900.0,70.0,5.0,0.2,0.09999999999999999,1.2101161573688811e-17
900.0,70.0,5.0,0.2,0.19999999999999998,9.088357550000953e-18
900.0,70.0,5.0,0.2,0.3,7.943852861469521e-18
900.0,70.0,5.0,0.2,0.39999999999999997,7.44096106783919e-18
900.0,70.0,5.0,0.2,0.49999999999999994,7.300571245255496e-18
900.0,70.0,5.0,0.2,0.6,
900.0,90.0,0.8,1.25,0.0,8.048530515599956e-05
900.0,90.0,0.8,1.25,0.09999999999999999,4.306706503876105e-18
900.0,90.0,0.8,1.25,0.19999999999999998,3.243783260823598e-18
900.0,90.0,0.8,1.25,0.3,2.8433604018921694e-18
900.0,90.0,0.8,1.25,0.39999999999999997,2.6708554655838706e-18
900.0,90.0,0.8,1.25,0.49999999999999994,2.6277583001387808e-18
900.0,90.0,0.8,1.25,0.6,2.692988040873394e-18
900.0,90.0,1.2666666666666666,0.7894736842105263,0.0,0.00010681563924675842
900.0,90.0,1.2666666666666666,0.7894736842105263,0.09999999999999999,5.3983338600337e-18
900.0,90.0,1.2666666666666666,0.7894736842105263,0.19999999999999998,4.060926503500627e-18
900.0,90.0,1.2666666666666666,0.7894736842105263,0.3,3.5552636529461896e-18
900.0,90.0,1.2666666666666666,0.7894736842105263,0.39999999999999997,3.3355271917362164e-18
900.0,90.0,1.2666666666666666,0.7894736842105263,0.49999999999999994,3.2777901483651514e-18
900.0,90.0,1.2666666666666666,0.7894736842105263,0.6,3.355204993977018e-18
900.0,90.0,1.7333333333333334,0.5769230769230769,0.0,0.0001440668383350776
900.0,90.0,1.7333333333333334,0.5769230769230769,0.09999999999999999,6.303673216307071e-18
900.0,90.0,1.7333333333333334,0.5769230769230769,0.19999999999999998,4.739210724415113e-18
900.0,90.0,1.7333333333333334,0.5769230769230769,0.3,4.1466975907160106e-18
900.0,90.0,1.7333333333333334,0.5769230769230769,0.39999999999999997,3.8881890869109536e-18
900.0,90.0,1.7333333333333334,0.5769230769230769,0.49999999999999994,3.818730525905871e-18
900.0,90.0,1.7333333333333334,0.5769230769230769,0.6,3.906739883192424e-18
900.0,90.0,2.2,0.45454545454545453,0.0,0.0001947020788909637
900.0,90.0,2.2,0.45454545454545453,0.09999999999999999,7.09440508932847e-18
900.0,90.0,2.2,0.45454545454545453,0.19999999999999998,5.3318957711086955e-18
900.0,90.0,2.2,0.45454545454545453,0.3,4.6637219230707954e-18
900.0,90.0,2.2,0.45454545454545453,0.39999999999999997,4.371531436960176e-18
900.0,90.0,2.2,0.45454545454545453,0.49999999999999994,4.292027190297008e-18
900.0,90.0,2.2,0.45454545454545453,0.6,4.389513922775867e-18
900.0,90.0,2.666666666666667,0.37499999999999994,0.0,0.000258334193574098
900.0,90.0,2.666666666666667,0.37499999999999994,0.09999999999999999,7.805438560705243e-18
900.0,90.0,2.666666666666667,0.37499999999999994,0.19999999999999998,5.864989917937771e-18
900.0,90.0,2.666666666666667,0.37499999999999994,0.3,5.1288891041441145e-18
900.0,90.0,2.666666666666667,0.37499999999999994,0.39999999999999997,4.806512231658915e-18
900.0,90.0,2.666666666666667,0.37499999999999994,0.49999999999999994,4.718081387069459e-18
900.0,90.0,2.666666666666667,0.37499999999999994,0.6,4.8242148005203305e-18
900.0,90.0,3.1333333333333337,0.3191489361702127,0.0,0.0003336896191897704
900.0,90.0,3.1333333333333337,0.3191489361702127,0.09999999999999999,8.456900063165698e-18
900.0,90.0,3.1333333333333337,0.3191489361702127,0.19999999999999998,6.353510916103836e-18
900.0,90.0,3.1333333333333337,0.3191489361702127,0.3,5.555241192737084e-18
900.0,90.0,3.1333333333333337,0.3191489361702127,0.39999999999999997,5.2052696915569426e-18
900.0,90.0,3.1333333333333337,0.3191489361702127,0.49999999999999994,5.108726509392834e-18
900.0,90.0,3.1333333333333337,0.3191489361702127,0.6,5.222859791807099e-18
900.0,90.0,3.5999999999999996,0.2777777777777778,0.0,0.00041812617920079076
900.0,90.0,3.5999999999999996,0.2777777777777778,0.09999999999999999,9.061646993333108e-18
900.0,90.0,3.5999999999999996,0.2777777777777778,0.19999999999999998,6.8070621551874935e-18
900.0,90.0,3.5999999999999996,0.2777777777777778,0.3,5.9511264460063545e-18
900.0,90.0,3.5999999999999996,0.2777777777777778,0.39999999999999997,5.575581161690245e-18
900.0,90.0,3.5999999999999996,0.2777777777777778,0.49999999999999994,5.4715519846323815e-18
900.0,90.0,3.5999999999999996,0.2777777777777778,0.6,5.593163717270486e-18
900.0,90.0,4.066666666666666,0.24590163934426232,0.0,0.000510778101762815
900.0,90.0,4.066666666666666,0.24590163934426232,0.09999999999999999,9.628485539542703e-18
900.0,90.0,4.066666666666666,0.24590163934426232,0.19999999999999998,7.232225757546468e-18
900.0,90.0,4.066666666666666,0.24590163934426232,0.3,6.322270734730406e-18
900.0,90.0,4.066666666666666,0.24590163934426232,0.39999999999999997,5.922784650765932e-18
900.0,90.0,4.066666666666666,0.24590163934426232,0.49999999999999994,5.811770443960754e-18
900.0,90.0,4.066666666666666,0.24590163934426232,0.6,5.940428968644146e-18
900.0,90.0,4.533333333333333,0.22058823529411764,0.0,0.0006103473765044926
900.0,90.0,4.533333333333333,0.22058823529411764,0.09999999999999999,1.0163760196825545e-17
900.0,90.0,4.533333333333333,0.22058823529411764,0.19999999999999998,7.63374636935559e-18
900.0,90.0,4.533333333333333,0.22058823529411764,0.3,6.672803646901371e-18
900.0,90.0,4.533333333333333,0.22058823529411764,0.39999999999999997,6.250732016980218e-18
900.0,90.0,4.533333333333333,0.22058823529411764,0.49999999999999994,6.133145218079939e-18
900.0,90.0,4.533333333333333,0.22058823529411764,0.6,
900.0,90.0,5.0,0.2,0.0,0.0007157865734002843
900.0,90.0,5.0,0.2,0.09999999999999999,1.0672221366330535e-17
900.0,90.0,5.0,0.2,0.19999999999999998,8.015177967779596e-18
900.0,90.0,5.0,0.2,0.3,7.005819707712396e-18
900.0,90.0,5.0,0.2,0.39999999999999997,6.562310833605372e-18
900.0,90.0,5.0,0.2,0.49999999999999994,6.43849864788506e-18
900.0,90.0,5.0,0.2,0.6,
950.0,30.0,0.8,1.25,0.0,0.0004746468626405359
950.0,30.0,0.8,1.25,0.09999999999999999,7.37371053349357e-18
950.0,30.0,0.8,1.25,0.19999999999999998,5.553830763742982e-18
950.0,30.0,0.8,1.25,0.3,4.868248357781178e-18
950.0,30.0,0.8,1.25,0.39999999999999997,4.57289471650341e-18
950.0,30.0,0.8,1.25,0.49999999999999994,4.499106078747535e-18
950.0,30.0,0.8,1.25,0.6,4.610788927301649e-18
950.0,30.0,1.2666666666666666,0.7894736842105263,0.0,0.0008087684528050683
950.0,30.0,1.2666666666666666,0.7894736842105263,0.09999999999999999,9.242735994952072e-18
950.0,30.0,1.2666666666666666,0.7894736842105263,0.19999999999999998,6.952899353909694e-18
950.0,30.0,1.2666666666666666,0.7894736842105263,0.3,6.087130715372482e-18
950.0,30.0,1.2666666666666666,0.7894736842105263,0.39999999999999997,5.710909806562063e-18
950.0,30.0,1.2666666666666666,0.7894736842105263,0.49999999999999994,5.612055560666542e-18
950.0,30.0,1.2666666666666666,0.7894736842105263,0.6,5.744601089780152e-18
950.0,30.0,1.7333333333333334,0.5769230769230769,0.0,0.0011346508449696516
950.0,30.0,1.7333333333333334,0.5769230769230769,0.09999999999999999,1.0792809194559998e-17
950.0,30.0,1.7333333333333334,0.5769230769230769,0.19999999999999998,8.114221016109205e-18
950.0,30.0,1.7333333333333334,0.5769230769230769,0.3,7.09975201107604e-18
950.0,30.0,1.7333333333333334,0.5769230769230769,0.39999999999999997,6.657147703711451e-18
950.0,30.0,1.7333333333333334,0.5769230769230769,0.49999999999999994,6.538224508544392e-18
950.0,30.0,1.7333333333333334,0.5769230769230769,0.6,6.688909390120647e-18
950.0,30.0,2.2,0.45454545454545453,0.0,0.0014396787348450698
950.0,30.0,2.2,0.45454545454545453,0.09999999999999999,1.214665764508458e-17
950.0,30.0,2.2,0.45454545454545453,0.19999999999999998,9.128984388785972e-18
950.0,30.0,2.2,0.45454545454545453,0.3,7.984973192906275e-18
950.0,30.0,2.2,0.45454545454545453,0.39999999999999997,7.48470041346542e-18
950.0,30.0,2.2,0.45454545454545453,0.49999999999999994,7.348577538015691e-18
950.0,30.0,2.2,0.45454545454545453,0.6,7.515489071096549e-18
950.0,30.0,2.666666666666667,0.37499999999999994,0.0,0.0017273210232827548
950.0,30.0,2.666666666666667,0.37499999999999994,0.09999999999999999,1.3364050792445975e-17
950.0,30.0,2.666666666666667,0.37499999999999994,0.19999999999999998,1.0041719436581082e-17
950.0,30.0,2.666666666666667,0.37499999999999994,0.3,8.781407356684902e-18
950.0,30.0,2.666666666666667,0.37499999999999994,0.39999999999999997,8.229451075837693e-18
950.0,30.0,2.666666666666667,0.37499999999999994,0.49999999999999994,8.078044561669319e-18
950.0,30.0,2.666666666666667,0.37499999999999994,0.6,8.25976047632694e-18
950.0,30.0,3.1333333333333337,0.3191489361702127,0.0,0.0019997492141336963
950.0,30.0,3.1333333333333337,0.3191489361702127,0.09999999999999999,1.4479448028808382e-17
950.0,30.0,3.1333333333333337,0.3191489361702127,0.19999999999999998,1.0878138743151629e-17
950.0,30.0,3.1333333333333337,0.3191489361702127,0.3,9.511384412198987e-18
950.0,30.0,3.1333333333333337,0.3191489361702127,0.39999999999999997,8.912182097548868e-18
950.0,30.0,3.1333333333333337,0.3191489361702127,0.49999999999999994,8.746886077250296e-18
950.0,30.0,3.1333333333333337,0.3191489361702127,0.6,8.942298936784095e-18
950.0,30.0,3.5999999999999996,0.2777777777777778,0.0,0.0022589795938562367
950.0,30.0,3.5999999999999996,0.2777777777777778,0.09999999999999999,1.5514863094937892e-17
950.0,30.0,3.5999999999999996,0.2777777777777778,0.19999999999999998,1.1654684714202344e-17
950.0,30.0,3.5999999999999996,0.2777777777777778,0.3,1.0189197795174462e-17
950.0,30.0,3.5999999999999996,0.2777777777777778,0.39999999999999997,9.54620942940847e-18
950.0,30.0,3.5999999999999996,0.2777777777777778,0.49999999999999994,9.368096293082755e-18
950.0,30.0,3.5999999999999996,0.2777777777777778,0.6,9.576313352398454e-18
950.0,30.0,4.066666666666666,0.24590163934426232,0.0,0.0025087560557632595
950.0,30.0,4.066666666666666,0.24590163934426232,0.09999999999999999,1.648537347136083e-17
950.0,30.0,4.066666666666666,0.24590163934426232,0.19999999999999998,1.2382626904645074e-17
950.0,30.0,4.066666666666666,0.24590163934426232,0.3,1.0824651032792877e-17
950.0,30.0,4.066666666666666,0.24590163934426232,0.39999999999999997,1.0140672522095307e-17
950.0,30.0,4.066666666666666,0.24590163934426232,0.49999999999999994,9.950599995203504e-18
950.0,30.0,4.066666666666666,0.24590163934426232,0.6,1.017088219240782e-17
950.0,30.0,4.533333333333333,0.22058823529411764,0.0,0.0027505461566383164
950.0,30.0,4.533333333333333,0.22058823529411764,0.09999999999999999,1.7401841860152172e-17
950.0,30.0,4.533333333333333,0.22058823529411764,0.19999999999999998,1.3070088841771494e-17
950.0,30.0,4.533333333333333,0.22058823529411764,0.3,1.1424814582928355e-17
950.0,30.0,4.533333333333333,0.22058823529411764,0.39999999999999997,1.070216631951807e-17
950.0,30.0,4.533333333333333,0.22058823529411764,0.49999999999999994,1.0500840555527693e-17
950.0,30.0,4.533333333333333,0.22058823529411764,0.6,
950.0,30.0,5.0,0.2,0.0,0.0029850347037928496
950.0,30.0,5.0,0.2,0.09999999999999999,1.8272401641852675e-17
950.0,30.0,5.0,0.2,0.19999999999999998,1.372315545360999e-17
950.0,30.0,5.0,0.2,0.3,1.1994986724746115e-17
950.0,30.0,5.0,0.2,0.39999999999999997,1.1235634768933731e-17
950.0,30.0,5.0,0.2,0.49999999999999994,1.1023650233959937e-17
950.0,30.0,5.0,0.2,0.6,
950.0,50.0,0.8,1.25,0.0,0.00016928964483510145
950.0,50.0,0.8,1.25,0.09999999999999999,5.71165161919496e-18
950.0,50.0,0.8,1.25,0.19999999999999998,4.301978811126197e-18
950.0,50.0,0.8,1.25,0.3,3.7709289629776216e-18
950.0,50.0,0.8,1.25,0.39999999999999997,3.542149016195519e-18
950.0,50.0,0.8,1.25,0.49999999999999994,3.484992583161952e-18
950.0,50.0,0.8,1.25,0.6,3.571501745663369e-18
950.0,50.0,1.2666666666666666,0.7894736842105263,0.0,0.00027882397344730577
950.0,50.0,1.2666666666666666,0.7894736842105263,0.09999999999999999,7.159392516368243e-18
950.0,50.0,1.2666666666666666,0.7894736842105263,0.19999999999999998,5.385692681109711e-18
950.0,50.0,1.2666666666666666,0.7894736842105263,0.3,4.715071177365053e-18
950.0,50.0,1.2666666666666666,0.7894736842105263,0.39999999999999997,4.423651714501498e-18
950.0,50.0,1.2666666666666666,0.7894736842105263,0.49999999999999994,4.3470795448904485e-18
950.0,50.0,1.2666666666666666,0.7894736842105263,0.6,4.4497488702647015e-18
950.0,50.0,1.7333333333333334,0.5769230769230769,0.0,0.00039902422426458205
950.0,50.0,1.7333333333333334,0.5769230769230769,0.09999999999999999,8.360074053865029e-18
950.0,50.0,1.7333333333333334,0.5769230769230769,0.19999999999999998,6.285248572567434e-18
950.0,50.0,1.7333333333333334,0.5769230769230769,0.3,5.499444260220024e-18
950.0,50.0,1.7333333333333334,0.5769230769230769,0.39999999999999997,5.156604437943479e-18
950.0,50.0,1.7333333333333334,0.5769230769230769,0.49999999999999994,5.06448692707152e-18
950.0,50.0,1.7333333333333334,0.5769230769230769,0.6,5.181206934445536e-18
950.0,50.0,2.2,0.45454545454545453,0.0,0.0005201062075221981
950.0,50.0,2.2,0.45454545454545453,0.09999999999999999,9.408760554299115e-18
950.0,50.0,2.2,0.45454545454545453,0.19999999999999998,7.071280901111114e-18
950.0,50.0,2.2,0.45454545454545453,0.3,6.185133639207732e-18
950.0,50.0,2.2,0.45454545454545453,0.39999999999999997,5.797624010540667e-18
950.0,50.0,2.2,0.45454545454545453,0.49999999999999994,5.692183684609735e-18
950.0,50.0,2.2,0.45454545454545453,0.6,5.821472802192156e-18
950.0,50.0,2.666666666666667,0.37499999999999994,0.0,0.0006395631912454019
950.0,50.0,2.666666666666667,0.37499999999999994,0.09999999999999999,1.0351749231402658e-17
950.0,50.0,2.666666666666667,0.37499999999999994,0.19999999999999998,7.778282429033171e-18
950.0,50.0,2.666666666666667,0.37499999999999994,0.3,6.8020488897407846e-18
950.0,50.0,2.666666666666667,0.37499999999999994,0.39999999999999997,6.374505393029619e-18
950.0,50.0,2.666666666666667,0.37499999999999994,0.49999999999999994,6.2572264114533334e-18
950.0,50.0,2.666666666666667,0.37499999999999994,0.6,6.3979829536952954e-18
950.0,50.0,3.1333333333333337,0.3191489361702127,0.0,0.0007555335479768235
950.0,50.0,3.1333333333333337,0.3191489361702127,0.09999999999999999,1.1215732215570133e-17
950.0,50.0,3.1333333333333337,0.3191489361702127,0.19999999999999998,8.426170037991986e-18
950.0,50.0,3.1333333333333337,0.3191489361702127,0.3,7.367486685564698e-18
950.0,50.0,3.1333333333333337,0.3191489361702127,0.39999999999999997,6.903346568434931e-18
950.0,50.0,3.1333333333333337,0.3191489361702127,0.49999999999999994,6.775308821672784e-18
950.0,50.0,3.1333333333333337,0.3191489361702127,0.6,6.9266749717946175e-18
950.0,50.0,3.5999999999999996,0.2777777777777778,0.0,0.000868954659253622
950.0,50.0,3.5999999999999996,0.2777777777777778,0.09999999999999999,1.2017761277076506e-17
950.0,50.0,3.5999999999999996,0.2777777777777778,0.19999999999999998,9.027679960680765e-18
950.0,50.0,3.5999999999999996,0.2777777777777778,0.3,7.892518674384804e-18
950.0,50.0,3.5999999999999996,0.2777777777777778,0.39999999999999997,7.394462027901443e-18
950.0,50.0,3.5999999999999996,0.2777777777777778,0.49999999999999994,7.256496185755389e-18
950.0,50.0,3.5999999999999996,0.2777777777777778,0.6,7.417780426380587e-18
950.0,50.0,4.066666666666666,0.24590163934426232,0.0,0.0009802545494706407
950.0,50.0,4.066666666666666,0.24590163934426232,0.09999999999999999,1.276951538211801e-17
950.0,50.0,4.066666666666666,0.24590163934426232,0.19999999999999998,9.591541556798055e-18
950.0,50.0,4.066666666666666,0.24590163934426232,0.3,8.384738635702745e-18
950.0,50.0,4.066666666666666,0.24590163934426232,0.39999999999999997,7.854931159483658e-18
950.0,50.0,4.066666666666666,0.24590163934426232,0.49999999999999994,7.707701613238953e-18
950.0,50.0,4.066666666666666,0.24590163934426232,0.6,7.878331469486612e-18
950.0,50.0,4.533333333333333,0.22058823529411764,0.0,0.001089612761905998
950.0,50.0,4.533333333333333,0.22058823529411764,0.09999999999999999,1.3479408743540892e-17
950.0,50.0,4.533333333333333,0.22058823529411764,0.19999999999999998,1.0124047283526476e-17
950.0,50.0,4.533333333333333,0.22058823529411764,0.3,8.84962332263783e-18
950.0,50.0,4.533333333333333,0.22058823529411764,0.39999999999999997,8.289862384767083e-18
950.0,50.0,4.533333333333333,0.22058823529411764,0.49999999999999994,8.133916118547637e-18
950.0,50.0,4.533333333333333,0.22058823529411764,0.6,
950.0,50.0,5.0,0.2,0.0,0.0011972035540281757
950.0,50.0,5.0,0.2,0.09999999999999999,1.4153741450821696e-17
950.0,50.0,5.0,0.2,0.19999999999999998,1.0629910505849395e-17
950.0,50.0,5.0,0.2,0.3,9.291276764584152e-18
950.0,50.0,5.0,0.2,0.39999999999999997,8.703085268829872e-18
950.0,50.0,5.0,0.2,0.49999999999999994,8.538882754108465e-18
950.0,50.0,5.0,0.2,0.6,
950.0,70.0,0.8,1.25,0.0,9.43086883294715e-05
950.0,70.0,0.8,1.25,0.09999999999999999,4.827226667489642e-18
950.0,70.0,0.8,1.25,0.19999999999999998,3.635835695975231e-18
950.0,70.0,0.8,1.25,0.3,3.1870166573395295e-18
950.0,70.0,0.8,1.25,0.39999999999999997,2.9936623119200718e-18
950.0,70.0,0.8,1.25,0.49999999999999994,2.9453563093566474e-18
950.0,70.0,0.8,1.25,0.6,3.018469896117721e-18
950.0,70.0,1.2666666666666666,0.7894736842105263,0.0,0.00014600455466235723
950.0,70.0,1.2666666666666666,0.7894736842105263,0.09999999999999999,6.0507910464801205e-18
950.0,70.0,1.2666666666666666,0.7894736842105263,0.19999999999999998,4.551741084100104e-18
950.0,70.0,1.2666666666666666,0.7894736842105263,0.3,3.98496246689787e-18
950.0,70.0,1.2666666666666666,0.7894736842105263,0.39999999999999997,3.738668067948038e-18
950.0,70.0,1.2666666666666666,0.7894736842105263,0.49999999999999994,3.673952773007466e-18
950.0,70.0,1.2666666666666666,0.7894736842105263,0.6,3.7607241901776235e-18
950.0,70.0,1.7333333333333334,0.5769230769230769,0.0,0.00020661467726955853
950.0,70.0,1.7333333333333334,0.5769230769230769,0.09999999999999999,7.065552156469509e-18
950.0,70.0,1.7333333333333334,0.5769230769230769,0.19999999999999998,5.312004573131703e-18
950.0,70.0,1.7333333333333334,0.5769230769230769,0.3,4.647878715167272e-18
950.0,70.0,1.7333333333333334,0.5769230769230769,0.39999999999999997,4.358126180679883e-18
950.0,70.0,1.7333333333333334,0.5769230769230769,0.49999999999999994,4.2802726744314456e-18
950.0,70.0,1.7333333333333334,0.5769230769230769,0.6,4.3789190852755386e-18
950.0,70.0,2.2,0.45454545454545453,0.0,0.0002717472742791142
950.0,70.0,2.2,0.45454545454545453,0.09999999999999999,7.951854014187734e-18
950.0,70.0,2.2,0.45454545454545453,0.19999999999999998,5.976323139954556e-18
950.0,70.0,2.2,0.45454545454545453,0.3,5.2273920112408886e-18
950.0,70.0,2.2,0.45454545454545453,0.39999999999999997,4.89988659982465e-18
950.0,70.0,2.2,0.45454545454545453,0.49999999999999994,4.810773259744161e-18
950.0,70.0,2.2,0.45454545454545453,0.6,4.920042507559042e-18
950.0,70.0,2.666666666666667,0.37499999999999994,0.0,0.0003392450746186412
950.0,70.0,2.666666666666667,0.37499999999999994,0.09999999999999999,8.748824906802608e-18
950.0,70.0,2.666666666666667,0.37499999999999994,0.19999999999999998,6.5738484893774454e-18
950.0,70.0,2.666666666666667,0.37499999999999994,0.3,5.7487805600358055e-18
950.0,70.0,2.666666666666667,0.37499999999999994,0.39999999999999997,5.387440354708858e-18
950.0,70.0,2.666666666666667,0.37499999999999994,0.49999999999999994,5.288321524439432e-18
950.0,70.0,2.666666666666667,0.37499999999999994,0.6,5.407282514996101e-18
950.0,70.0,3.1333333333333337,0.3191489361702127,0.0,0.0004071263767303708
950.0,70.0,3.1333333333333337,0.3191489361702127,0.09999999999999999,9.47902380188479e-18
950.0,70.0,3.1333333333333337,0.3191489361702127,0.19999999999999998,7.121413458674874e-18
950.0,70.0,3.1333333333333337,0.3191489361702127,0.3,6.226662718960702e-18
950.0,70.0,3.1333333333333337,0.3191489361702127,0.39999999999999997,5.8343927241782865e-18
950.0,70.0,3.1333333333333337,0.3191489361702127,0.49999999999999994,5.7261810777364055e-18
950.0,70.0,3.1333333333333337,0.3191489361702127,0.6,5.854108823533748e-18
950.0,70.0,3.5999999999999996,0.2777777777777778,0.0,0.000475311280696515
950.0,70.0,3.5999999999999996,0.2777777777777778,0.09999999999999999,1.015686207563282e-17
950.0,70.0,3.5999999999999996,0.2777777777777778,0.19999999999999998,7.629782129096715e-18
950.0,70.0,3.5999999999999996,0.2777777777777778,0.3,6.670395738180587e-18
950.0,70.0,3.5999999999999996,0.2777777777777778,0.39999999999999997,6.24946104430936e-18
950.0,70.0,3.5999999999999996,0.2777777777777778,0.49999999999999994,6.132858625812419e-18
950.0,70.0,3.5999999999999996,0.2777777777777778,0.6,6.269168687997463e-18
950.0,70.0,4.066666666666666,0.24590163934426232,0.0,0.0005435845570265743
950.0,70.0,4.066666666666666,0.24590163934426232,0.09999999999999999,1.0792210256018277e-17
950.0,70.0,4.066666666666666,0.24590163934426232,0.19999999999999998,8.106332156133256e-18
950.0,70.0,4.066666666666666,0.24590163934426232,0.3,7.086397532750753e-18
950.0,70.0,4.066666666666666,0.24590163934426232,0.39999999999999997,6.638628490037215e-18
950.0,70.0,4.066666666666666,0.24590163934426232,0.49999999999999994,6.5141968126067525e-18
950.0,70.0,4.066666666666666,0.24590163934426232,0.6,6.658405361598177e-18
950.0,70.0,4.533333333333333,0.22058823529411764,0.0,0.000611797057013528
950.0,70.0,4.533333333333333,0.22058823529411764,0.09999999999999999,1.1392179650828356e-17
950.0,70.0,4.533333333333333,0.22058823529411764,0.19999999999999998,8.55638163674508e-18
950.0,70.0,4.533333333333333,0.22058823529411764,0.3,7.479296803872075e-18
950.0,70.0,4.533333333333333,0.22058823529411764,0.39999999999999997,7.006212465599785e-18
950.0,70.0,4.533333333333333,0.22058823529411764,0.49999999999999994,6.874413815195396e-18
950.0,70.0,4.533333333333333,0.22058823529411764,0.6,
950.0,70.0,5.0,0.2,0.0,0.0006798318032039188
950.0,70.0,5.0,0.2,0.09999999999999999,1.1962094807489323e-17
950.0,70.0,5.0,0.2,0.19999999999999998,8.983914091401976e-18
950.0,70.0,5.0,0.2,0.3,7.852562089448501e-18
950.0,70.0,5.0,0.2,0.39999999999999997,7.355449544216641e-18
950.0,70.0,5.0,0.2,0.49999999999999994,7.216673090262722e-18
950.0,70.0,5.0,0.2,0.6,
950.0,90.0,0.8,1.25,0.0,6.401072702733957e-05
950.0,90.0,0.8,1.25,0.09999999999999999,4.2572137614388905e-18
950.0,90.0,0.8,1.25,0.19999999999999998,3.206505686480636e-18
950.0,90.0,0.8,1.25,0.3,2.810684499846917e-18
950.0,90.0,0.8,1.25,0.39999999999999997,2.6401619955490612e-18
950.0,90.0,0.8,1.25,0.49999999999999994,2.5975601056775716e-18
950.0,90.0,0.8,1.25,0.6,2.662040228354153e-18
950.0,90.0,1.2666666666666666,0.7894736842105263,0.0,9.409296286859778e-05
950.0,90.0,1.2666666666666666,0.7894736842105263,0.09999999999999999,5.336296114734222e-18
950.0,90.0,1.2666666666666666,0.7894736842105263,0.19999999999999998,4.014258313628137e-18
950.0,90.0,1.2666666666666666,0.7894736842105263,0.3,3.514406557112741e-18
950.0,90.0,1.2666666666666666,0.7894736842105263,0.39999999999999997,3.2971953141362806e-18
950.0,90.0,1.2666666666666666,0.7894736842105263,0.49999999999999994,3.2401217886579638e-18
950.0,90.0,1.2666666666666666,0.7894736842105263,0.6,3.316646985571589e-18
950.0,90.0,1.7333333333333334,0.5769230769230769,0.0,0.00013075431253139528
950.0,90.0,1.7333333333333334,0.5769230769230769,0.09999999999999999,6.2312312937914825e-18
950.0,90.0,1.7333333333333334,0.5769230769230769,0.19999999999999998,4.684747687914768e-18
950.0,90.0,1.7333333333333334,0.5769230769230769,0.3,4.099043734774338e-18
950.0,90.0,1.7333333333333334,0.5769230769230769,0.39999999999999997,3.8435060187729056e-18
950.0,90.0,1.7333333333333334,0.5769230769230769,0.49999999999999994,3.774845680030313e-18
950.0,90.0,1.7333333333333334,0.5769230769230769,0.6,3.8618436369711724e-18
950.0,90.0,2.2,0.45454545454545453,0.0,0.00017213895277063882
950.0,90.0,2.2,0.45454545454545453,0.09999999999999999,7.012876061143808e-18
950.0,90.0,2.2,0.45454545454545453,0.19999999999999998,5.270621594293474e-18
950.0,90.0,2.2,0.45454545454545453,0.3,4.6101264223963816e-18
950.0,90.0,2.2,0.45454545454545453,0.39999999999999997,4.321293798517962e-18
950.0,90.0,2.2,0.45454545454545453,0.49999999999999994,4.242703219734196e-18
950.0,90.0,2.2,0.45454545454545453,0.6,4.339069638289283e-18
950.0,90.0,2.666666666666667,0.37499999999999994,0.0,0.00021680597284155862
950.0,90.0,2.666666666666667,0.37499999999999994,0.09999999999999999,7.715738322482515e-18
950.0,90.0,2.666666666666667,0.37499999999999994,0.19999999999999998,5.797589419836785e-18
950.0,90.0,2.666666666666667,0.37499999999999994,0.3,5.069947901245787e-18
950.0,90.0,2.666666666666667,0.37499999999999994,0.39999999999999997,4.751275793917749e-18
950.0,90.0,2.666666666666667,0.37499999999999994,0.49999999999999994,4.6638612022055735e-18
950.0,90.0,2.666666666666667,0.37499999999999994,0.6,4.7687749344491904e-18
950.0,90.0,3.1333333333333337,0.3191489361702127,0.0,0.0002632545536416117
950.0,90.0,3.1333333333333337,0.3191489361702127,0.09999999999999999,8.359713217149714e-18
950.0,90.0,3.1333333333333337,0.3191489361702127,0.19999999999999998,6.28049633164069e-18
950.0,90.0,3.1333333333333337,0.3191489361702127,0.3,5.491400350749094e-18
950.0,90.0,3.1333333333333337,0.3191489361702127,0.39999999999999997,5.145450733086803e-18
950.0,90.0,3.1333333333333337,0.3191489361702127,0.49999999999999994,5.050017031271448e-18
950.0,90.0,3.1333333333333337,0.3191489361702127,0.6,5.162838698326401e-18
950.0,90.0,3.5999999999999996,0.2777777777777778,0.0,0.00031098825073624904
950.0,90.0,3.5999999999999996,0.2777777777777778,0.09999999999999999,8.957510384302585e-18
950.0,90.0,3.5999999999999996,0.2777777777777778,0.19999999999999998,6.72883535706494e-18
950.0,90.0,3.5999999999999996,0.2777777777777778,0.3,5.882736089870317e-18
950.0,90.0,3.5999999999999996,0.2777777777777778,0.39999999999999997,5.511506583809526e-18
950.0,90.0,3.5999999999999996,0.2777777777777778,0.49999999999999994,5.408672916605663e-18
950.0,90.0,3.5999999999999996,0.2777777777777778,0.6,5.528887091851456e-18
950.0,90.0,4.066666666666666,0.24590163934426232,0.0,0.00035975461811392777
950.0,90.0,4.066666666666666,0.24590163934426232,0.09999999999999999,9.517834811381692e-18
950.0,90.0,4.066666666666666,0.24590163934426232,0.19999999999999998,7.149112976671537e-18
950.0,90.0,4.066666666666666,0.24590163934426232,0.3,6.249615187666728e-18
950.0,90.0,4.066666666666666,0.24590163934426232,0.39999999999999997,5.854720010395568e-18
950.0,90.0,4.066666666666666,0.24590163934426232,0.49999999999999994,5.7449815858290314e-18
950.0,90.0,4.066666666666666,0.24590163934426232,0.6,5.8721615716826254e-18
950.0,90.0,4.533333333333333,0.22058823529411764,0.0,0.0004091915531644644
950.0,90.0,4.533333333333333,0.22058823529411764,0.09999999999999999,1.0046958082354155e-17
950.0,90.0,4.533333333333333,0.22058823529411764,0.19999999999999998,7.546019311129095e-18
950.0,90.0,4.533333333333333,0.22058823529411764,0.3,6.5961197748952475e-18
950.0,90.0,4.533333333333333,0.22058823529411764,0.39999999999999997,6.178898605485904e-18
950.0,90.0,4.533333333333333,0.22058823529411764,0.49999999999999994,6.062663121451252e-18
950.0,90.0,4.533333333333333,0.22058823529411764,0.6,
950.0,90.0,5.0,0.2,0.0,0.0004591640022956419
950.0,90.0,5.0,0.2,0.09999999999999999,1.0549576006664604e-17
950.0,90.0,5.0,0.2,0.19999999999999998,7.923067495272807e-18
950.0,90.0,5.0,0.2,0.3,6.925308814458157e-18
950.0,90.0,5.0,0.2,0.39999999999999997,6.486896758360208e-18
950.0,90.0,5.0,0.2,0.49999999999999994,6.36450743002905e-18
950.0,90.0,5.0,0.2,0.6,
1000.0,30.0,0.8,1.25,0.0,0.0005309737967776102
1000.0,30.0,0.8,1.25,0.09999999999999999,7.282945186571073e-18
1000.0,30.0,0.8,1.25,0.19999999999999998,5.485467089291316e-18
1000.0,30.0,0.8,1.25,0.3,4.80832376781404e-18
1000.0,30.0,0.8,1.25,0.39999999999999997,4.516605741252754e-18
1000.0,30.0,0.8,1.25,0.49999999999999994,4.443725403137173e-18
1000.0,30.0,0.8,1.25,0.6,4.554033528975071e-18
1000.0,30.0,1.2666666666666666,0.7894736842105263,0.0,0.0007473812056600097
1000.0,30.0,1.2666666666666666,0.7894736842105263,0.09999999999999999,9.128964202464873e-18
1000.0,30.0,1.2666666666666666,0.7894736842105263,0.19999999999999998,6.8673141425897785e-18
1000.0,30.0,1.2666666666666666,0.7894736842105263,0.3,6.012202568831079e-18
1000.0,30.0,1.2666666666666666,0.7894736842105263,0.39999999999999997,5.640612699650678e-18
1000.0,30.0,1.2666666666666666,0.7894736842105263,0.49999999999999994,5.542975297111471e-18
1000.0,30.0,1.2666666666666666,0.7894736842105263,0.6,5.673889302310873e-18
1000.0,30.0,1.7333333333333334,0.5769230769230769,0.0,0.00093131371062996
1000.0,30.0,1.7333333333333334,0.5769230769230769,0.09999999999999999,1.065995704588552e-17
1000.0,30.0,1.7333333333333334,0.5769230769230769,0.19999999999999998,8.014340763675984e-18
1000.0,30.0,1.7333333333333334,0.5769230769230769,0.3,7.012359232128002e-18
1000.0,30.0,1.7333333333333334,0.5769230769230769,0.39999999999999997,6.5752031020058006e-18
1000.0,30.0,1.7333333333333334,0.5769230769230769,0.49999999999999994,6.457743787894372e-18
1000.0,30.0,1.7333333333333334,0.5769230769230769,0.6,6.606573865977335e-18
1000.0,30.0,2.2,0.45454545454545453,0.0,0.0010960053261343209
1000.0,30.0,2.2,0.45454545454545453,0.09999999999999999,1.199714053543191e-17
1000.0,30.0,2.2,0.45454545454545453,0.19999999999999998,9.016613123499011e-18
1000.0,30.0,2.2,0.45454545454545453,0.3,7.886683984531364e-18
1000.0,30.0,2.2,0.45454545454545453,0.39999999999999997,7.392569244697592e-18
1000.0,30.0,2.2,0.45454545454545453,0.49999999999999994,7.258121968919492e-18
1000.0,30.0,2.2,0.45454545454545453,0.6,7.422978962539831e-18
1000.0,30.0,2.666666666666667,0.37499999999999994,0.0,0.0012484008769112686
1000.0,30.0,2.666666666666667,0.37499999999999994,0.09999999999999999,1.319954839500179e-17
1000.0,30.0,2.666666666666667,0.37499999999999994,0.19999999999999998,9.918113054458268e-18
1000.0,30.0,2.666666666666667,0.37499999999999994,0.3,8.673314622632481e-18
1000.0,30.0,2.666666666666667,0.37499999999999994,0.39999999999999997,8.128152572546879e-18
1000.0,30.0,2.666666666666667,0.37499999999999994,0.49999999999999994,7.978609791266754e-18
1000.0,30.0,2.666666666666667,0.37499999999999994,0.6,8.15808893736654e-18
1000.0,30.0,3.1333333333333337,0.3191489361702127,0.0,0.001392805738476905
1000.0,30.0,3.1333333333333337,0.3191489361702127,0.09999999999999999,1.430121584468033e-17
1000.0,30.0,3.1333333333333337,0.3191489361702127,0.19999999999999998,1.0744236636586399e-17
1000.0,30.0,3.1333333333333337,0.3191489361702127,0.3,9.39430619122004e-18
1000.0,30.0,3.1333333333333337,0.3191489361702127,0.39999999999999997,8.80247967606359e-18
1000.0,30.0,3.1333333333333337,0.3191489361702127,0.49999999999999994,8.639218360874003e-18
1000.0,30.0,3.1333333333333337,0.3191489361702127,0.6,8.832225854315771e-18
1000.0,30.0,3.5999999999999996,0.2777777777777778,0.0,0.001525046045471316
1000.0,30.0,3.5999999999999996,0.2777777777777778,0.09999999999999999,1.532388565082922e-17
1000.0,30.0,3.5999999999999996,0.2777777777777778,0.19999999999999998,1.1511223881272779e-17
1000.0,30.0,3.5999999999999996,0.2777777777777778,0.3,1.0063776184194937e-17
1000.0,30.0,3.5999999999999996,0.2777777777777778,0.39999999999999997,9.428702596455156e-18
1000.0,30.0,3.5999999999999996,0.2777777777777778,0.49999999999999994,9.252781936931957e-18
1000.0,30.0,3.5999999999999996,0.2777777777777778,0.6,9.458436021525883e-18
1000.0,30.0,4.066666666666666,0.24590163934426232,0.0,0.001651797161639932
1000.0,30.0,4.066666666666666,0.24590163934426232,0.09999999999999999,1.6282449700301723e-17
1000.0,30.0,4.066666666666666,0.24590163934426232,0.19999999999999998,1.2230205623231276e-17
1000.0,30.0,4.066666666666666,0.24590163934426232,0.3,1.0691407454433194e-17
1000.0,30.0,4.066666666666666,0.24590163934426232,0.39999999999999997,1.001584828445757e-17
1000.0,30.0,4.066666666666666,0.24590163934426232,0.49999999999999994,9.82811544793596e-18
1000.0,30.0,4.066666666666666,0.24590163934426232,0.6,1.0045686158991233e-17
1000.0,30.0,4.533333333333333,0.22058823529411764,0.0,0.0017740156974585535
1000.0,30.0,4.533333333333333,0.22058823529411764,0.09999999999999999,1.7187636982603264e-17
1000.0,30.0,4.533333333333333,0.22058823529411764,0.19999999999999998,1.2909205394918428e-17
1000.0,30.0,4.533333333333333,0.22058823529411764,0.3,1.1284183427604623e-17
1000.0,30.0,4.533333333333333,0.22058823529411764,0.39999999999999997,1.0570430505051904e-17
1000.0,30.0,4.533333333333333,0.22058823529411764,0.49999999999999994,1.0371582952640092e-17
1000.0,30.0,4.533333333333333,0.22058823529411764,0.6,
1000.0,30.0,5.0,0.2,0.0,0.0018918654410159878
1000.0,30.0,5.0,0.2,0.09999999999999999,1.8047480761825236e-17
1000.0,30.0,5.0,0.2,0.19999999999999998,1.3554233223234012e-17
1000.0,30.0,5.0,0.2,0.3,1.1847337164904487e-17
1000.0,30.0,5.0,0.2,0.39999999999999997,1.1097332349127154e-17
1000.0,30.0,5.0,0.2,0.49999999999999994,1.0887957229390065e-17
1000.0,30.0,5.0,0.2,0.6,
1000.0,50.0,0.8,1.25,0.0,0.0001983831761576714
1000.0,50.0,0.8,1.25,0.09999999999999999,5.641345083786247e-18
1000.0,50.0,0.8,1.25,0.19999999999999998,4.249024536598828e-18
1000.0,50.0,0.8,1.25,0.3,3.724511575183415e-18
1000.0,50.0,0.8,1.25,0.39999999999999997,3.498547763451344e-18
1000.0,50.0,0.8,1.25,0.49999999999999994,3.442094896293822e-18
1000.0,50.0,0.8,1.25,0.6,3.5275392031581286e-18
1000.0,50.0,1.2666666666666666,0.7894736842105263,0.0,0.000305553818740588
1000.0,50.0,1.2666666666666666,0.7894736842105263,0.09999999999999999,7.071265264854025e-18
1000.0,50.0,1.2666666666666666,0.7894736842105263,0.19999999999999998,5.319398661484976e-18
1000.0,50.0,1.2666666666666666,0.7894736842105263,0.3,4.6570320846216444e-18
1000.0,50.0,1.2666666666666666,0.7894736842105263,0.39999999999999997,4.3691998096306256e-18
1000.0,50.0,1.2666666666666666,0.7894736842105263,0.49999999999999994,4.2935702028303675e-18
1000.0,50.0,1.2666666666666666,0.7894736842105263,0.6,4.394975755214886e-18
1000.0,50.0,1.7333333333333334,0.5769230769230769,0.0,0.00040221235556521257
1000.0,50.0,1.7333333333333334,0.5769230769230769,0.09999999999999999,8.257167222000205e-18
1000.0,50.0,1.7333333333333334,0.5769230769230769,0.19999999999999998,6.207881661709664e-18
1000.0,50.0,1.7333333333333334,0.5769230769230769,0.3,5.431750104731114e-18
1000.0,50.0,1.7333333333333334,0.5769230769230769,0.39999999999999997,5.093130422399963e-18
1000.0,50.0,1.7333333333333334,0.5769230769230769,0.49999999999999994,5.00214682891786e-18
1000.0,50.0,1.7333333333333334,0.5769230769230769,0.6,5.117430111683873e-18
1000.0,50.0,2.2,0.45454545454545453,0.0,0.0004905298391107897
1000.0,50.0,2.2,0.45454545454545453,0.09999999999999999,9.292945099167543e-18
1000.0,50.0,2.2,0.45454545454545453,0.19999999999999998,6.984238493301384e-18
1000.0,50.0,2.2,0.45454545454545453,0.3,6.108999145778145e-18
1000.0,50.0,2.2,0.45454545454545453,0.39999999999999997,5.7262595140797834e-18
1000.0,50.0,2.2,0.45454545454545453,0.49999999999999994,5.6221171020734756e-18
1000.0,50.0,2.2,0.45454545454545453,0.6,5.749814780232956e-18
1000.0,50.0,2.666666666666667,0.37499999999999994,0.0,0.0005731197608679793
1000.0,50.0,2.666666666666667,0.37499999999999994,0.09999999999999999,1.0224326222260155e-17
1000.0,50.0,2.666666666666667,0.37499999999999994,0.19999999999999998,7.68253733714385e-18
1000.0,50.0,2.666666666666667,0.37499999999999994,0.3,6.7183206179745735e-18
1000.0,50.0,2.666666666666667,0.37499999999999994,0.39999999999999997,6.2960399097814064e-18
1000.0,50.0,2.666666666666667,0.37499999999999994,0.49999999999999994,6.180204569492716e-18
1000.0,50.0,2.666666666666667,0.37499999999999994,0.6,6.319228518259914e-18
1000.0,50.0,3.1333333333333337,0.3191489361702127,0.0,0.0006498538372965256
1000.0,50.0,3.1333333333333337,0.3191489361702127,0.09999999999999999,1.1077674159392908e-17
1000.0,50.0,3.1333333333333337,0.3191489361702127,0.19999999999999998,8.322449912242142e-18
1000.0,50.0,3.1333333333333337,0.3191489361702127,0.3,7.276798285553688e-18
1000.0,50.0,3.1333333333333337,0.3191489361702127,0.39999999999999997,6.818371438144709e-18
1000.0,50.0,3.1333333333333337,0.3191489361702127,0.49999999999999994,6.6919097671828705e-18
1000.0,50.0,3.1333333333333337,0.3191489361702127,0.6,6.841412728741511e-18
1000.0,50.0,3.5999999999999996,0.2777777777777778,0.0,0.0007227334034187335
1000.0,50.0,3.5999999999999996,0.2777777777777778,0.09999999999999999,1.1869830784969675e-17
1000.0,50.0,3.5999999999999996,0.2777777777777778,0.19999999999999998,8.916555677326915e-18
1000.0,50.0,3.5999999999999996,0.2777777777777778,0.3,7.795367512269162e-18
1000.0,50.0,3.5999999999999996,0.2777777777777778,0.39999999999999997,7.303441626482692e-18
1000.0,50.0,3.5999999999999996,0.2777777777777778,0.49999999999999994,7.167174069565254e-18
1000.0,50.0,3.5999999999999996,0.2777777777777778,0.6,7.326473038507616e-18
1000.0,50.0,4.066666666666666,0.24590163934426232,0.0,0.0007926943459678374
1000.0,50.0,4.066666666666666,0.24590163934426232,0.09999999999999999,1.2612331304945704e-17
1000.0,50.0,4.066666666666666,0.24590163934426232,0.19999999999999998,9.473476539893404e-18
1000.0,50.0,4.066666666666666,0.24590163934426232,0.3,8.281528603707518e-18
1000.0,50.0,4.066666666666666,0.24590163934426232,0.39999999999999997,7.75824272076886e-18
1000.0,50.0,4.066666666666666,0.24590163934426232,0.49999999999999994,7.612825490891964e-18
1000.0,50.0,4.066666666666666,0.24590163934426232,0.6,7.781355038999876e-18
1000.0,50.0,4.533333333333333,0.22058823529411764,0.0,0.0008601078704951816
1000.0,50.0,4.533333333333333,0.22058823529411764,0.09999999999999999,1.3313486358856228e-17
1000.0,50.0,4.533333333333333,0.22058823529411764,0.19999999999999998,9.999427501458002e-18
1000.0,50.0,4.533333333333333,0.22058823529411764,0.3,8.740690898132488e-18
1000.0,50.0,4.533333333333333,0.22058823529411764,0.39999999999999997,8.187820261661779e-18
1000.0,50.0,4.533333333333333,0.22058823529411764,0.49999999999999994,8.033793609876764e-18
1000.0,50.0,4.533333333333333,0.22058823529411764,0.6,
1000.0,50.0,5.0,0.2,0.0,0.0009252841705977293
1000.0,50.0,5.0,0.2,0.09999999999999999,1.3979518486309574e-17
1000.0,50.0,5.0,0.2,0.19999999999999998,1.0499063908839322e-17
1000.0,50.0,5.0,0.2,0.3,9.176907907315854e-18
1000.0,50.0,5.0,0.2,0.39999999999999997,8.59595667509966e-18
1000.0,50.0,5.0,0.2,0.49999999999999994,8.433775404729272e-18
1000.0,50.0,5.0,0.2,0.6,
1000.0,70.0,0.8,1.25,0.0,0.00010260330327199677
1000.0,70.0,0.8,1.25,0.09999999999999999,4.767806799953747e-18
1000.0,70.0,0.8,1.25,0.19999999999999998,3.5910811655523635e-18
1000.0,70.0,0.8,1.25,0.3,3.1477868045518727e-18
1000.0,70.0,0.8,1.25,0.39999999999999997,2.9568125276518392e-18
1000.0,70.0,0.8,1.25,0.49999999999999994,2.909101146782036e-18
1000.0,70.0,0.8,1.25,0.6,2.981314766270733e-18
1000.0,70.0,1.2666666666666666,0.7894736842105263,0.0,0.00016037449008884943
1000.0,70.0,1.2666666666666666,0.7894736842105263,0.09999999999999999,5.976309924905349e-18
1000.0,70.0,1.2666666666666666,0.7894736842105263,0.19999999999999998,4.495712411351203e-18
1000.0,70.0,1.2666666666666666,0.7894736842105263,0.3,3.9359104807251955e-18
1000.0,70.0,1.2666666666666666,0.7894736842105263,0.39999999999999997,3.6926478088683484e-18
1000.0,70.0,1.2666666666666666,0.7894736842105263,0.49999999999999994,3.628729124897665e-18
1000.0,70.0,1.2666666666666666,0.7894736842105263,0.6,3.714432458948537e-18
1000.0,70.0,1.7333333333333334,0.5769230769230769,0.0,0.00021576116911054701
1000.0,70.0,1.7333333333333334,0.5769230769230769,0.09999999999999999,6.97858000967832e-18
1000.0,70.0,1.7333333333333334,0.5769230769230769,0.19999999999999998,5.246617599245055e-18
1000.0,70.0,1.7333333333333334,0.5769230769230769,0.3,4.5906667116355674e-18
1000.0,70.0,1.7333333333333334,0.5769230769230769,0.39999999999999997,4.304480846378575e-18
1000.0,70.0,1.7333333333333334,0.5769230769230769,0.49999999999999994,4.227585675236686e-18
1000.0,70.0,1.7333333333333334,0.5769230769230769,0.6,4.325017832165453e-18
1000.0,70.0,2.2,0.45454545454545453,0.0,0.0002679117985290213
1000.0,70.0,2.2,0.45454545454545453,0.09999999999999999,7.853972089519965e-18
1000.0,70.0,2.2,0.45454545454545453,0.19999999999999998,5.902758878652348e-18
1000.0,70.0,2.2,0.45454545454545453,0.3,5.163046620187273e-18
1000.0,70.0,2.2,0.45454545454545453,0.39999999999999997,4.839572592004177e-18
1000.0,70.0,2.2,0.45454545454545453,0.49999999999999994,4.751556189399356e-18
1000.0,70.0,2.2,0.45454545454545453,0.6,4.8594804254147935e-18
1000.0,70.0,2.666666666666667,0.37499999999999994,0.0,0.0003174579942445686
1000.0,70.0,2.666666666666667,0.37499999999999994,0.09999999999999999,8.64113280847551e-18
1000.0,70.0,2.666666666666667,0.37499999999999994,0.19999999999999998,6.4929291175978125e-18
1000.0,70.0,2.666666666666667,0.37499999999999994,0.3,5.678017254911526e-18
1000.0,70.0,2.666666666666667,0.37499999999999994,0.39999999999999997,5.321124917692302e-18
1000.0,70.0,2.666666666666667,0.37499999999999994,0.49999999999999994,5.223226186999389e-18
1000.0,70.0,2.666666666666667,0.37499999999999994,0.6,5.340722868809146e-18
1000.0,70.0,3.1333333333333337,0.3191489361702127,0.0,0.00036412090137703503
1000.0,70.0,3.1333333333333337,0.3191489361702127,0.09999999999999999,9.36234344830706e-18
1000.0,70.0,3.1333333333333337,0.3191489361702127,0.19999999999999998,7.033753953096418e-18
1000.0,70.0,3.1333333333333337,0.3191489361702127,0.3,6.1500170318368744e-18
1000.0,70.0,3.1333333333333337,0.3191489361702127,0.39999999999999997,5.762575631267395e-18
1000.0,70.0,3.1333333333333337,0.3191489361702127,0.49999999999999994,5.655696011993919e-18
1000.0,70.0,3.1333333333333337,0.3191489361702127,0.6,5.78204907604972e-18
1000.0,70.0,3.5999999999999996,0.2777777777777778,0.0,0.000409082292439513
1000.0,70.0,3.5999999999999996,0.2777777777777778,0.09999999999999999,1.0031837990824647e-17
1000.0,70.0,3.5999999999999996,0.2777777777777778,0.19999999999999998,7.535864968216552e-18
1000.0,70.0,3.5999999999999996,0.2777777777777778,0.3,6.588288020166734e-18
1000.0,70.0,3.5999999999999996,0.2777777777777778,0.39999999999999997,6.172534764783203e-18
1000.0,70.0,3.5999999999999996,0.2777777777777778,0.49999999999999994,6.057367659272972e-18
1000.0,70.0,3.5999999999999996,0.2777777777777778,0.6,6.191999860648475e-18
1000.0,70.0,4.066666666666666,0.24590163934426232,0.0,0.00045256605684154775
1000.0,70.0,4.066666666666666,0.24590163934426232,0.09999999999999999,1.0659365464420525e-17
1000.0,70.0,4.066666666666666,0.24590163934426232,0.19999999999999998,8.006549004761697e-18
1000.0,70.0,4.066666666666666,0.24590163934426232,0.3,6.99916913507932e-18
1000.0,70.0,4.066666666666666,0.24590163934426232,0.39999999999999997,6.556911844674345e-18
1000.0,70.0,4.066666666666666,0.24590163934426232,0.49999999999999994,6.434011854133051e-18
1000.0,70.0,4.066666666666666,0.24590163934426232,0.6,6.576445318763928e-18
1000.0,70.0,4.533333333333333,0.22058823529411764,0.0,0.0004947335575035325
1000.0,70.0,4.533333333333333,0.22058823529411764,0.09999999999999999,1.125194964145741e-17
1000.0,70.0,4.533333333333333,0.22058823529411764,0.19999999999999998,8.451058697706569e-18
1000.0,70.0,4.533333333333333,0.22058823529411764,0.3,7.387232101823491e-18
1000.0,70.0,4.533333333333333,0.22058823529411764,0.39999999999999997,6.919971131095807e-18
1000.0,70.0,4.533333333333333,0.22058823529411764,0.49999999999999994,6.789794850998116e-18
1000.0,70.0,4.533333333333333,0.22058823529411764,0.6,
1000.0,70.0,5.0,0.2,0.0,0.0005358637920424949
1000.0,70.0,5.0,0.2,0.09999999999999999,1.181484952776049e-17
1000.0,70.0,5.0,0.2,0.19999999999999998,8.873328533222163e-18
1000.0,70.0,5.0,0.2,0.3,7.755902763119763e-18
1000.0,70.0,5.0,0.2,0.39999999999999997,7.264909357422469e-18
1000.0,70.0,5.0,0.2,0.49999999999999994,7.127841166731663e-18
1000.0,70.0,5.0,0.2,0.6,
1000.0,90.0,0.8,1.25,0.0,6.410934326687236e-05
1000.0,90.0,0.8,1.25,0.09999999999999999,4.204810363960098e-18
1000.0,90.0,0.8,1.25,0.19999999999999998,3.1670359006331744e-18
1000.0,90.0,0.8,1.25,0.3,2.776087021698311e-18
1000.0,90.0,0.8,1.25,0.39999999999999997,2.6076635405356863e-18
1000.0,90.0,0.8,1.25,0.49999999999999994,2.5655860577060253e-18
1000.0,90.0,0.8,1.25,0.6,2.629272483852339e-18
1000.0,90.0,1.2666666666666666,0.7894736842105263,0.0,9.878606934711128e-05
1000.0,90.0,1.2666666666666666,0.7894736842105263,0.09999999999999999,5.270609939715551e-18
1000.0,90.0,1.2666666666666666,0.7894736842105263,0.19999999999999998,3.964845668833932e-18
1000.0,90.0,1.2666666666666666,0.7894736842105263,0.3,3.471146771537183e-18
1000.0,90.0,1.2666666666666666,0.7894736842105263,0.39999999999999997,3.2566092605377405e-18
1000.0,90.0,1.2666666666666666,0.7894736842105263,0.49999999999999994,3.2002382798987535e-18
1000.0,90.0,1.2666666666666666,0.7894736842105263,0.6,3.2758215160413203e-18
1000.0,90.0,1.7333333333333334,0.5769230769230769,0.0,0.00013363498809494355
1000.0,90.0,1.7333333333333334,0.5769230769230769,0.09999999999999999,6.1545290699918506e-18
1000.0,90.0,1.7333333333333334,0.5769230769230769,0.19999999999999998,4.627081797285721e-18
1000.0,90.0,1.7333333333333334,0.5769230769230769,0.3,4.048587490323459e-18
1000.0,90.0,1.7333333333333334,0.5769230769230769,0.39999999999999997,3.796195280919511e-18
1000.0,90.0,1.7333333333333334,0.5769230769230769,0.49999999999999994,3.728380114298449e-18
1000.0,90.0,1.7333333333333334,0.5769230769230769,0.6,3.814307199943161e-18
1000.0,90.0,2.2,0.45454545454545453,0.0,0.0001674518436252954
1000.0,90.0,2.2,0.45454545454545453,0.09999999999999999,6.9265523176373835e-18
1000.0,90.0,2.2,0.45454545454545453,0.19999999999999998,5.205744014030867e-18
1000.0,90.0,2.2,0.45454545454545453,0.3,4.553379121482693e-18
1000.0,90.0,2.2,0.45454545454545453,0.39999999999999997,4.268101843429103e-18
1000.0,90.0,2.2,0.45454545454545453,0.49999999999999994,4.190478672566805e-18
1000.0,90.0,2.2,0.45454545454545453,0.6,4.285658902211301e-18
1000.0,90.0,2.666666666666667,0.37499999999999994,0.0,0.00020013326328298796
1000.0,90.0,2.666666666666667,0.37499999999999994,0.09999999999999999,7.620762819035777e-18
1000.0,90.0,2.666666666666667,0.37499999999999994,0.19999999999999998,5.726225241844622e-18
1000.0,90.0,2.666666666666667,0.37499999999999994,0.3,5.00754053214318e-18
1000.0,90.0,2.666666666666667,0.37499999999999994,0.39999999999999997,4.692791075774289e-18
1000.0,90.0,2.666666666666667,0.37499999999999994,0.49999999999999994,4.606452510746845e-18
1000.0,90.0,2.666666666666667,0.37499999999999994,0.6,4.71007484406148e-18
1000.0,90.0,3.1333333333333337,0.3191489361702127,0.0,0.000231417349700431
1000.0,90.0,3.1333333333333337,0.3191489361702127,0.09999999999999999,8.25681081766513e-18
1000.0,90.0,3.1333333333333337,0.3191489361702127,0.19999999999999998,6.203187914370197e-18
1000.0,90.0,3.1333333333333337,0.3191489361702127,0.3,5.423805208350658e-18
1000.0,90.0,3.1333333333333337,0.3191489361702127,0.39999999999999997,5.082114010511524e-18
1000.0,90.0,3.1333333333333337,0.3191489361702127,0.49999999999999994,4.987855046238564e-18
1000.0,90.0,3.1333333333333337,0.3191489361702127,0.6,5.099287974532784e-18
1000.0,90.0,3.5999999999999996,0.2777777777777778,0.0,0.0002618650120294949
1000.0,90.0,3.5999999999999996,0.2777777777777778,0.09999999999999999,8.847249505537293e-18
1000.0,90.0,3.5999999999999996,0.2777777777777778,0.19999999999999998,6.646008206554888e-18
1000.0,90.0,3.5999999999999996,0.2777777777777778,0.3,5.8103238890090914e-18
1000.0,90.0,3.5999999999999996,0.2777777777777778,0.39999999999999997,5.443663982172308e-18
1000.0,90.0,3.5999999999999996,0.2777777777777778,0.49999999999999994,5.342096142040572e-18
1000.0,90.0,3.5999999999999996,0.2777777777777778,0.6,5.460830583140822e-18
1000.0,90.0,4.066666666666666,0.24590163934426232,0.0,0.00029153987860961887
1000.0,90.0,4.066666666666666,0.24590163934426232,0.09999999999999999,9.400676717535742e-18
1000.0,90.0,4.066666666666666,0.24590163934426232,0.19999999999999998,7.06111250881705e-18
1000.0,90.0,4.066666666666666,0.24590163934426232,0.3,6.172686971832976e-18
1000.0,90.0,4.066666666666666,0.24590163934426232,0.39999999999999997,5.7826527031940294e-18
1000.0,90.0,4.066666666666666,0.24590163934426232,0.49999999999999994,5.674265099492546e-18
1000.0,90.0,4.066666666666666,0.24590163934426232,0.6,5.799879608088084e-18
1000.0,90.0,4.533333333333333,0.22058823529411764,0.0,0.0003205132886317859
1000.0,90.0,4.533333333333333,0.22058823529411764,0.09999999999999999,9.923286838639562e-18
1000.0,90.0,4.533333333333333,0.22058823529411764,0.19999999999999998,7.453133209780325e-18
1000.0,90.0,4.533333333333333,0.22058823529411764,0.3,6.514926339512644e-18
1000.0,90.0,4.533333333333333,0.22058823529411764,0.39999999999999997,6.10284089754195e-18
1000.0,90.0,4.533333333333333,0.22058823529411764,0.49999999999999994,5.988036209629292e-18
1000.0,90.0,4.533333333333333,0.22058823529411764,0.6,
1000.0,90.0,5.0,0.2,0.0,0.00034894679641718046
1000.0,90.0,5.0,0.2,0.09999999999999999,1.0419717876034392e-17
1000.0,90.0,5.0,0.2,0.19999999999999998,7.825540200093126e-18
1000.0,90.0,5.0,0.2,0.3,6.840063301337862e-18
1000.0,90.0,5.0,0.2,0.39999999999999997,6.407047819055305e-18
1000.0,90.0,5.0,0.2,0.49999999999999994,6.286165037313485e-18
1000.0,90.0,5.0,0.2,0.6,
1050.0,30.0,0.8,1.25,0.0,0.00040789142719286297
1050.0,30.0,0.8,1.25,0.09999999999999999,7.186922118187762e-18
1050.0,30.0,0.8,1.25,0.19999999999999998,5.413143661781693e-18
1050.0,30.0,0.8,1.25,0.3,4.7449283251964684e-18
1050.0,30.0,0.8,1.25,0.39999999999999997,4.457056532934401e-18
1050.0,30.0,0.8,1.25,0.49999999999999994,4.3851371284837974e-18
1050.0,30.0,0.8,1.25,0.6,4.493990926459807e-18
1050.0,30.0,1.2666666666666666,0.7894736842105263,0.0,0.00048520934956866217
1050.0,30.0,1.2666666666666666,0.7894736842105263,0.09999999999999999,9.008601977119406e-18
1050.0,30.0,1.2666666666666666,0.7894736842105263,0.19999999999999998,6.776771664973098e-18
1050.0,30.0,1.2666666666666666,0.7894736842105263,0.3,5.9329345537760466e-18
1050.0,30.0,1.2666666666666666,0.7894736842105263,0.39999999999999997,5.566244011882532e-18
1050.0,30.0,1.2666666666666666,0.7894736842105263,0.49999999999999994,5.469893964790744e-18
1050.0,30.0,1.2666666666666666,0.7894736842105263,0.6,5.59908197215069e-18
1050.0,30.0,1.7333333333333334,0.5769230769230769,0.0,0.0005552473062076139
1050.0,30.0,1.7333333333333334,0.5769230769230769,0.09999999999999999,1.051940918520725e-17
1050.0,30.0,1.7333333333333334,0.5769230769230769,0.19999999999999998,7.90867524238973e-18
1050.0,30.0,1.7333333333333334,0.5769230769230769,0.3,6.9199046254493594e-18
1050.0,30.0,1.7333333333333334,0.5769230769230769,0.39999999999999997,6.488512299502591e-18
1050.0,30.0,1.7333333333333334,0.5769230769230769,0.49999999999999994,6.3726016928670816e-18
1050.0,30.0,1.7333333333333334,0.5769230769230769,0.6,6.519469565409951e-18
1050.0,30.0,2.2,0.45454545454545453,0.0,0.0006212649414678186
1050.0,30.0,2.2,0.45454545454545453,0.09999999999999999,1.1838962354011214e-17
1050.0,30.0,2.2,0.45454545454545453,0.19999999999999998,8.897733080836854e-18
1050.0,30.0,2.2,0.45454545454545453,0.3,7.782701820730057e-18
1050.0,30.0,2.2,0.45454545454545453,0.39999999999999997,7.295101871897792e-18
1050.0,30.0,2.2,0.45454545454545453,0.49999999999999994,7.162427290073734e-18
1050.0,30.0,2.2,0.45454545454545453,0.6,7.325110777157535e-18
1050.0,30.0,2.666666666666667,0.37499999999999994,0.0,0.0006846506071140644
1050.0,30.0,2.666666666666667,0.37499999999999994,0.09999999999999999,1.3025516866089809e-17
1050.0,30.0,2.666666666666667,0.37499999999999994,0.19999999999999998,9.787347131117155e-18
1050.0,30.0,2.666666666666667,0.37499999999999994,0.3,8.558961107229177e-18
1050.0,30.0,2.666666666666667,0.37499999999999994,0.39999999999999997,8.020986895746555e-18
1050.0,30.0,2.666666666666667,0.37499999999999994,0.49999999999999994,7.87341584289484e-18
1050.0,30.0,2.666666666666667,0.37499999999999994,0.6,8.0505287019483e-18
1050.0,30.0,3.1333333333333337,0.3191489361702127,0.0,0.000746525761870935
1050.0,30.0,3.1333333333333337,0.3191489361702127,0.09999999999999999,1.4112659197869057e-17
1050.0,30.0,3.1333333333333337,0.3191489361702127,0.19999999999999998,1.0602578636895781e-17
1050.0,30.0,3.1333333333333337,0.3191489361702127,0.3,9.270446744332018e-18
1050.0,30.0,3.1333333333333337,0.3191489361702127,0.39999999999999997,8.686423328505077e-18
1050.0,30.0,3.1333333333333337,0.3191489361702127,0.49999999999999994,8.525314620859581e-18
1050.0,30.0,3.1333333333333337,0.3191489361702127,0.6,8.715777467565593e-18
1050.0,30.0,3.5999999999999996,0.2777777777777778,0.0,0.0008081161315876013
1050.0,30.0,3.5999999999999996,0.2777777777777778,0.09999999999999999,1.5121845444255302e-17
1050.0,30.0,3.5999999999999996,0.2777777777777778,0.19999999999999998,1.1359453492037419e-17
1050.0,30.0,3.5999999999999996,0.2777777777777778,0.3,9.931090093428165e-18
1050.0,30.0,3.5999999999999996,0.2777777777777778,0.39999999999999997,9.304389808159764e-18
1050.0,30.0,3.5999999999999996,0.2777777777777778,0.49999999999999994,9.130788669884983e-18
1050.0,30.0,3.5999999999999996,0.2777777777777778,0.6,9.333731373214801e-18
1050.0,30.0,4.066666666666666,0.24590163934426232,0.0,0.0008592720033151051
1050.0,30.0,4.066666666666666,0.24590163934426232,0.09999999999999999,1.6067771147349372e-17
1050.0,30.0,4.066666666666666,0.24590163934426232,0.19999999999999998,1.206895577602799e-17
1050.0,30.0,4.066666666666666,0.24590163934426232,0.3,1.0550446343543149e-17
1050.0,30.0,4.066666666666666,0.24590163934426232,0.39999999999999997,9.883794269526836e-18
1050.0,30.0,4.066666666666666,0.24590163934426232,0.49999999999999994,9.698536698055711e-18
1050.0,30.0,4.066666666666666,0.24590163934426232,0.6,9.913238917252571e-18
1050.0,30.0,4.533333333333333,0.22058823529411764,0.0,0.0009113687882528572
1050.0,30.0,4.533333333333333,0.22058823529411764,0.09999999999999999,1.696102383839127e-17
1050.0,30.0,4.533333333333333,0.22058823529411764,0.19999999999999998,1.2739003234535573e-17
1050.0,30.0,4.533333333333333,0.22058823529411764,0.3,1.1135406847175049e-17
1050.0,30.0,4.533333333333333,0.22058823529411764,0.39999999999999997,1.0431064596791834e-17
1050.0,30.0,4.533333333333333,0.22058823529411764,0.49999999999999994,1.0234838857204825e-17
1050.0,30.0,4.533333333333333,0.22058823529411764,0.6,
1050.0,30.0,5.0,0.2,0.0,0.0009624731972035815
1050.0,30.0,5.0,0.2,0.09999999999999999,1.7809530865489068e-17
1050.0,30.0,5.0,0.2,0.19999999999999998,1.3375526654871326e-17
1050.0,30.0,5.0,0.2,0.3,1.1691135670079063e-17
1050.0,30.0,5.0,0.2,0.39999999999999997,1.0951019499687388e-17
1050.0,30.0,5.0,0.2,0.49999999999999994,
1050.0,30.0,5.0,0.2,0.6,
1050.0,50.0,0.8,1.25,0.0,0.00018365306246161356
1050.0,50.0,0.8,1.25,0.09999999999999999,5.566965934846186e-18
1050.0,50.0,0.8,1.25,0.19999999999999998,4.1930030505417466e-18
1050.0,50.0,0.8,1.25,0.3,3.6754056764867544e-18
1050.0,50.0,0.8,1.25,0.39999999999999997,3.452421145031982e-18
1050.0,50.0,0.8,1.25,0.49999999999999994,3.3967126138907126e-18
1050.0,50.0,0.8,1.25,0.6,3.481030403237214e-18
1050.0,50.0,1.2666666666666666,0.7894736842105263,0.0,0.0002417240340602592
1050.0,50.0,1.2666666666666666,0.7894736842105263,0.09999999999999999,6.978033085998932e-18
1050.0,50.0,1.2666666666666666,0.7894736842105263,0.19999999999999998,5.249264759898223e-18
1050.0,50.0,1.2666666666666666,0.7894736842105263,0.3,4.595631344182634e-18
1050.0,50.0,1.2666666666666666,0.7894736842105263,0.39999999999999997,4.311594071789561e-18
1050.0,50.0,1.2666666666666666,0.7894736842105263,0.49999999999999994,4.236961646231001e-18
1050.0,50.0,1.2666666666666666,0.7894736842105263,0.6,4.337030246437961e-18
1050.0,50.0,1.7333333333333334,0.5769230769230769,0.0,0.00029182764616714885
1050.0,50.0,1.7333333333333334,0.5769230769230769,0.09999999999999999,8.148299317249803e-18
1050.0,50.0,1.7333333333333334,0.5769230769230769,0.19999999999999998,6.1260335008676655e-18
1050.0,50.0,1.7333333333333334,0.5769230769230769,0.3,5.360135074341808e-18
1050.0,50.0,1.7333333333333334,0.5769230769230769,0.39999999999999997,5.025980015527104e-18
1050.0,50.0,1.7333333333333334,0.5769230769230769,0.49999999999999994,4.9361960456974785e-18
1050.0,50.0,1.7333333333333334,0.5769230769230769,0.6,5.0499594105877685e-18
1050.0,50.0,2.2,0.45454545454545453,0.0,0.00033739801240200036
1050.0,50.0,2.2,0.45454545454545453,0.09999999999999999,9.170420806692397e-18
1050.0,50.0,2.2,0.45454545454545453,0.19999999999999998,6.89215440821599e-18
1050.0,50.0,2.2,0.45454545454545453,0.3,6.0284549080371305e-18
1050.0,50.0,2.2,0.45454545454545453,0.39999999999999997,5.650761611749341e-18
1050.0,50.0,2.2,0.45454545454545453,0.49999999999999994,5.5479923225754186e-18
1050.0,50.0,2.2,0.45454545454545453,0.6,5.6740064098111196e-18
1050.0,50.0,2.666666666666667,0.37499999999999994,0.0,0.00038020352017206874
1050.0,50.0,2.666666666666667,0.37499999999999994,0.09999999999999999,1.008952197962193e-17
1050.0,50.0,2.666666666666667,0.37499999999999994,0.19999999999999998,7.581246488473536e-18
1050.0,50.0,2.666666666666667,0.37499999999999994,0.3,6.6297427658271195e-18
1050.0,50.0,2.666666666666667,0.37499999999999994,0.39999999999999997,6.213029733474866e-18
1050.0,50.0,2.666666666666667,0.37499999999999994,0.49999999999999994,6.0987216874594706e-18
1050.0,50.0,2.666666666666667,0.37499999999999994,0.6,6.235912718162115e-18
1050.0,50.0,3.1333333333333337,0.3191489361702127,0.0,0.0004214385563766285
1050.0,50.0,3.1333333333333337,0.3191489361702127,0.09999999999999999,1.0931618808809557e-17
1050.0,50.0,3.1333333333333337,0.3191489361702127,0.19999999999999998,8.212722097510378e-18
1050.0,50.0,3.1333333333333337,0.3191489361702127,0.3,7.180857170540135e-18
1050.0,50.0,3.1333333333333337,0.3191489361702127,0.39999999999999997,6.728474577881553e-18
1050.0,50.0,3.1333333333333337,0.3191489361702127,0.49999999999999994,6.603680309553553e-18
1050.0,50.0,3.1333333333333337,0.3191489361702127,0.6,6.751212196226278e-18
1050.0,50.0,3.5999999999999996,0.2777777777777778,0.0,0.0004574309788071232
1050.0,50.0,3.5999999999999996,0.2777777777777778,0.09999999999999999,1.1713331113904658e-17
1050.0,50.0,3.5999999999999996,0.2777777777777778,0.19999999999999998,8.798994839335722e-18
1050.0,50.0,3.5999999999999996,0.2777777777777778,0.3,7.692589308306547e-18
1050.0,50.0,3.5999999999999996,0.2777777777777778,0.39999999999999997,7.207149354724957e-18
1050.0,50.0,3.5999999999999996,0.2777777777777778,0.49999999999999994,7.072678491240783e-18
1050.0,50.0,3.5999999999999996,0.2777777777777778,0.6,7.229877233286921e-18
1050.0,50.0,4.066666666666666,0.24590163934426232,0.0,0.0004929233777003119
1050.0,50.0,4.066666666666666,0.24590163934426232,0.09999999999999999,1.2446042012871233e-17
1050.0,50.0,4.066666666666666,0.24590163934426232,0.19999999999999998,9.348572945334043e-18
1050.0,50.0,4.066666666666666,0.24590163934426232,0.3,8.17234059671951e-18
1050.0,50.0,4.066666666666666,0.24590163934426232,0.39999999999999997,7.655954120643547e-18
1050.0,50.0,4.066666666666666,0.24590163934426232,0.49999999999999994,7.512454222830249e-18
1050.0,50.0,4.066666666666666,0.24590163934426232,0.6,7.678761846698891e-18
1050.0,50.0,4.533333333333333,0.22058823529411764,0.0,0.0005272167669971765
1050.0,50.0,4.533333333333333,0.22058823529411764,0.09999999999999999,1.3137952572143276e-17
1050.0,50.0,4.533333333333333,0.22058823529411764,0.19999999999999998,9.867589474927738e-18
1050.0,50.0,4.533333333333333,0.22058823529411764,0.3,8.6254490544706e-18
1050.0,50.0,4.533333333333333,0.22058823529411764,0.39999999999999997,8.079867893317711e-18
1050.0,50.0,4.533333333333333,0.22058823529411764,0.49999999999999994,7.92787208901417e-18
1050.0,50.0,4.533333333333333,0.22058823529411764,0.6,
1050.0,50.0,5.0,0.2,0.0,0.0005603666012187756
1050.0,50.0,5.0,0.2,0.09999999999999999,1.3795203289161222e-17
1050.0,50.0,5.0,0.2,0.19999999999999998,1.036063839621401e-17
1050.0,50.0,5.0,0.2,0.3,9.05591474969354e-18
1050.0,50.0,5.0,0.2,0.39999999999999997,8.482623229256386e-18
1050.0,50.0,5.0,0.2,0.49999999999999994,
1050.0,50.0,5.0,0.2,0.6,
1050.0,70.0,0.8,1.25,0.0,0.00010418378811470829
1050.0,70.0,0.8,1.25,0.09999999999999999,4.7049449457639676e-18
1050.0,70.0,0.8,1.25,0.19999999999999998,3.5437343682550065e-18
1050.0,70.0,0.8,1.25,0.3,3.1062847453361225e-18
1050.0,70.0,0.8,1.25,0.39999999999999997,2.917828419838476e-18
1050.0,70.0,0.8,1.25,0.49999999999999994,2.870746117719756e-18
1050.0,70.0,0.8,1.25,0.6,2.9420076561352558e-18
1050.0,70.0,1.2666666666666666,0.7894736842105263,0.0,0.0001452033429470011
1050.0,70.0,1.2666666666666666,0.7894736842105263,0.09999999999999999,5.897514352268359e-18
1050.0,70.0,1.2666666666666666,0.7894736842105263,0.19999999999999998,4.436438446024448e-18
1050.0,70.0,1.2666666666666666,0.7894736842105263,0.3,3.884017383699684e-18
1050.0,70.0,1.2666666666666666,0.7894736842105263,0.39999999999999997,3.6439620744351964e-18
1050.0,70.0,1.2666666666666666,0.7894736842105263,0.49999999999999994,3.580886162433671e-18
1050.0,70.0,1.2666666666666666,0.7894736842105263,0.6,3.6654595656633096e-18
1050.0,70.0,1.7333333333333334,0.5769230769230769,0.0,0.00018087189458212817
1050.0,70.0,1.7333333333333334,0.5769230769230769,0.09999999999999999,6.886569836775137e-18
1050.0,70.0,1.7333333333333334,0.5769230769230769,0.19999999999999998,5.177443277867737e-18
1050.0,70.0,1.7333333333333334,0.5769230769230769,0.3,4.5301409639995324e-18
1050.0,70.0,1.7333333333333334,0.5769230769230769,0.39999999999999997,4.247728394303228e-18
1050.0,70.0,1.7333333333333334,0.5769230769230769,0.49999999999999994,4.1718470901953035e-18
1050.0,70.0,1.7333333333333334,0.5769230769230769,0.6,4.2679946820645636e-18
1050.0,70.0,2.2,0.45454545454545453,0.0,0.00021325000817665427
1050.0,70.0,2.2,0.45454545454545453,0.09999999999999999,7.750420162426994e-18
1050.0,70.0,2.2,0.45454545454545453,0.19999999999999998,5.824933622349645e-18
1050.0,70.0,2.2,0.45454545454545453,0.3,5.094974314966589e-18
1050.0,70.0,2.2,0.45454545454545453,0.39999999999999997,4.775765218626525e-18
1050.0,70.0,2.2,0.45454545454545453,0.49999999999999994,4.6889093166257594e-18
1050.0,70.0,2.2,0.45454545454545453,0.6,4.795410658608744e-18
1050.0,70.0,2.666666666666667,0.37499999999999994,0.0,0.0002436290862655888
1050.0,70.0,2.666666666666667,0.37499999999999994,0.09999999999999999,8.527202429254358e-18
1050.0,70.0,2.666666666666667,0.37499999999999994,0.19999999999999998,6.407322725879034e-18
1050.0,70.0,2.666666666666667,0.37499999999999994,0.3,5.603155306294392e-18
1050.0,70.0,2.666666666666667,0.37499999999999994,0.39999999999999997,5.250968514001065e-18
1050.0,70.0,2.666666666666667,0.37499999999999994,0.49999999999999994,5.154360582561448e-18
1050.0,70.0,2.666666666666667,0.37499999999999994,0.6,5.270308165870381e-18
1050.0,70.0,3.1333333333333337,0.3191489361702127,0.0,0.0002714519155713651
1050.0,70.0,3.1333333333333337,0.3191489361702127,0.09999999999999999,9.238904147335677e-18
1050.0,70.0,3.1333333333333337,0.3191489361702127,0.19999999999999998,6.941017023613804e-18
1050.0,70.0,3.1333333333333337,0.3191489361702127,0.3,6.068931990279773e-18
1050.0,70.0,3.1333333333333337,0.3191489361702127,0.39999999999999997,5.686598917329254e-18
1050.0,70.0,3.1333333333333337,0.3191489361702127,0.49999999999999994,5.5811285104861126e-18
1050.0,70.0,3.1333333333333337,0.3191489361702127,0.6,5.7058157122156924e-18
1050.0,70.0,3.5999999999999996,0.2777777777777778,0.0,0.0002976581177061222
1050.0,70.0,3.5999999999999996,0.2777777777777778,0.09999999999999999,9.899571627960434e-18
1050.0,70.0,3.5999999999999996,0.2777777777777778,0.19999999999999998,7.436507925798846e-18
1050.0,70.0,3.5999999999999996,0.2777777777777778,0.3,6.501424583794376e-18
1050.0,70.0,3.5999999999999996,0.2777777777777778,0.39999999999999997,6.091152941609681e-18
1050.0,70.0,3.5999999999999996,0.2777777777777778,0.49999999999999994,5.9775043191990125e-18
1050.0,70.0,3.5999999999999996,0.2777777777777778,0.6,6.110361504877279e-18
1050.0,70.0,4.066666666666666,0.24590163934426232,0.0,0.00032290077621006626
1050.0,70.0,4.066666666666666,0.24590163934426232,0.09999999999999999,1.0518825361707995e-17
1050.0,70.0,4.066666666666666,0.24590163934426232,0.19999999999999998,7.900986200388965e-18
1050.0,70.0,4.066666666666666,0.24590163934426232,0.3,6.906888426408079e-18
1050.0,70.0,4.066666666666666,0.24590163934426232,0.39999999999999997,6.470462199068214e-18
1050.0,70.0,4.066666666666666,0.24590163934426232,0.49999999999999994,6.349182649878197e-18
1050.0,70.0,4.066666666666666,0.24590163934426232,0.6,6.489738245784568e-18
1050.0,70.0,4.533333333333333,0.22058823529411764,0.0,0.000347171529826672
1050.0,70.0,4.533333333333333,0.22058823529411764,0.09999999999999999,1.1103596514768348e-17
1050.0,70.0,4.533333333333333,0.22058823529411764,0.19999999999999998,8.339635228649507e-18
1050.0,70.0,4.533333333333333,0.22058823529411764,0.3,7.289834967329887e-18
1050.0,70.0,4.533333333333333,0.22058823529411764,0.39999999999999997,6.828734727681801e-18
1050.0,70.0,4.533333333333333,0.22058823529411764,0.49999999999999994,6.700274826973777e-18
1050.0,70.0,4.533333333333333,0.22058823529411764,0.6,
1050.0,70.0,5.0,0.2,0.0,0.00037049194532005474
1050.0,70.0,5.0,0.2,0.09999999999999999,1.1659074754679433e-17
1050.0,70.0,5.0,0.2,0.19999999999999998,8.756337622263904e-18
1050.0,70.0,5.0,0.2,0.3,7.653644881162225e-18
1050.0,70.0,5.0,0.2,0.39999999999999997,7.169125113464984e-18
1050.0,70.0,5.0,0.2,0.49999999999999994,
1050.0,70.0,5.0,0.2,0.6,
1050.0,90.0,0.8,1.25,0.0,6.6807830160489e-05
1050.0,90.0,0.8,1.25,0.09999999999999999,4.149371419580579e-18
1050.0,90.0,0.8,1.25,0.19999999999999998,3.125279950291777e-18
1050.0,90.0,0.8,1.25,0.3,2.7394856458376613e-18
1050.0,90.0,0.8,1.25,0.39999999999999997,2.573282789083057e-18
1050.0,90.0,0.8,1.25,0.49999999999999994,2.5317601015635433e-18
1050.0,90.0,0.8,1.25,0.6,2.594606871127305e-18
1050.0,90.0,1.2666666666666666,0.7894736842105263,0.0,9.611139635762703e-05
1050.0,90.0,1.2666666666666666,0.7894736842105263,0.09999999999999999,5.201118776512083e-18
1050.0,90.0,1.2666666666666666,0.7894736842105263,0.19999999999999998,3.912570945008846e-18
1050.0,90.0,1.2666666666666666,0.7894736842105263,0.3,3.425381361707033e-18
1050.0,90.0,1.2666666666666666,0.7894736842105263,0.39999999999999997,3.2136724786355228e-18
1050.0,90.0,1.2666666666666666,0.7894736842105263,0.49999999999999994,3.1580447530106447e-18
1050.0,90.0,1.2666666666666666,0.7894736842105263,0.6,3.232631483835982e-18
1050.0,90.0,1.7333333333333334,0.5769230769230769,0.0,0.00012215776142757642
1050.0,90.0,1.7333333333333334,0.5769230769230769,0.09999999999999999,6.073383724795226e-18
1050.0,90.0,1.7333333333333334,0.5769230769230769,0.19999999999999998,4.566075780127039e-18
1050.0,90.0,1.7333333333333334,0.5769230769230769,0.3,3.995208798269723e-18
1050.0,90.0,1.7333333333333334,0.5769230769230769,0.39999999999999997,3.746144322758018e-18
1050.0,90.0,1.7333333333333334,0.5769230769230769,0.49999999999999994,3.6792233028150745e-18
1050.0,90.0,1.7333333333333334,0.5769230769230769,0.6,3.7640175085630074e-18
1050.0,90.0,2.2,0.45454545454545453,0.0,0.00014600545623802666
1050.0,90.0,2.2,0.45454545454545453,0.09999999999999999,6.8352281020142195e-18
1050.0,90.0,2.2,0.45454545454545453,0.19999999999999998,5.137108589398596e-18
1050.0,90.0,2.2,0.45454545454545453,0.3,4.49334499122109e-18
1050.0,90.0,2.2,0.45454545454545453,0.39999999999999997,4.211829029505933e-18
1050.0,90.0,2.2,0.45454545454545453,0.49999999999999994,4.135229323975192e-18
1050.0,90.0,2.2,0.45454545454545453,0.6,4.229154679035733e-18
1050.0,90.0,2.666666666666667,0.37499999999999994,0.0,0.00016850591079378103
1050.0,90.0,2.666666666666667,0.37499999999999994,0.09999999999999999,7.52028566897096e-18
1050.0,90.0,2.666666666666667,0.37499999999999994,0.19999999999999998,5.650727500802801e-18
1050.0,90.0,2.666666666666667,0.37499999999999994,0.3,4.941518499242303e-18
1050.0,90.0,2.666666666666667,0.37499999999999994,0.39999999999999997,4.630918943425734e-18
1050.0,90.0,2.666666666666667,0.37499999999999994,0.49999999999999994,4.545718756337201e-18
1050.0,90.0,2.666666666666667,0.37499999999999994,0.6,4.647974913188659e-18
1050.0,90.0,3.1333333333333337,0.3191489361702127,0.0,0.00018890213612361297
1050.0,90.0,3.1333333333333337,0.3191489361702127,0.09999999999999999,8.147947586871149e-18
1050.0,90.0,3.1333333333333337,0.3191489361702127,0.19999999999999998,6.121401630115954e-18
1050.0,90.0,3.1333333333333337,0.3191489361702127,0.3,5.3522949233481806e-18
1050.0,90.0,3.1333333333333337,0.3191489361702127,0.39999999999999997,5.015108847007452e-18
1050.0,90.0,3.1333333333333337,0.3191489361702127,0.49999999999999994,4.9220926912795325e-18
1050.0,90.0,3.1333333333333337,0.3191489361702127,0.6,5.032056467095869e-18
1050.0,90.0,3.5999999999999996,0.2777777777777778,0.0,0.00020851641509779775
1050.0,90.0,3.5999999999999996,0.2777777777777778,0.09999999999999999,8.730601537884713e-18
1050.0,90.0,3.5999999999999996,0.2777777777777778,0.19999999999999998,6.558383531474838e-18
1050.0,90.0,3.5999999999999996,0.2777777777777778,0.3,5.733717538787176e-18
1050.0,90.0,3.5999999999999996,0.2777777777777778,0.39999999999999997,5.371891960386249e-18
1050.0,90.0,3.5999999999999996,0.2777777777777778,0.49999999999999994,5.2716632964716804e-18
1050.0,90.0,3.5999999999999996,0.2777777777777778,0.6,5.388832320869222e-18
1050.0,90.0,4.066666666666666,0.24590163934426232,0.0,0.00022732981641465614
1050.0,90.0,4.066666666666666,0.24590163934426232,0.09999999999999999,9.276731997199464e-18
1050.0,90.0,4.066666666666666,0.24590163934426232,0.19999999999999998,6.968014866127448e-18
1050.0,90.0,4.066666666666666,0.24590163934426232,0.3,6.09130303651534e-18
1050.0,90.0,4.066666666666666,0.24590163934426232,0.39999999999999997,5.7064112821261996e-18
1050.0,90.0,4.066666666666666,0.24590163934426232,0.49999999999999994,5.59945277336793e-18
1050.0,90.0,4.066666666666666,0.24590163934426232,0.6,5.723411157416847e-18
1050.0,90.0,4.533333333333333,0.22058823529411764,0.0,0.00024550936498085265
1050.0,90.0,4.533333333333333,0.22058823529411764,0.09999999999999999,9.792451678826859e-18
1050.0,90.0,4.533333333333333,0.22058823529411764,0.19999999999999998,7.354866946666629e-18
1050.0,90.0,4.533333333333333,0.22058823529411764,0.3,6.429030140752516e-18
1050.0,90.0,4.533333333333333,0.22058823529411764,0.39999999999999997,6.0223779528921414e-18
1050.0,90.0,4.533333333333333,0.22058823529411764,0.49999999999999994,5.9090869693196484e-18
1050.0,90.0,4.533333333333333,0.22058823529411764,0.6,
1050.0,90.0,5.0,0.2,0.0,0.00026308419952991366
1050.0,90.0,5.0,0.2,0.09999999999999999,1.0282337439331061e-17
1050.0,90.0,5.0,0.2,0.19999999999999998,7.722363914742975e-18
1050.0,90.0,5.0,0.2,0.3,6.749880326252582e-18
1050.0,90.0,5.0,0.2,0.39999999999999997,6.322574056045354e-18
1050.0,90.0,5.0,0.2,0.49999999999999994,
1050.0,90.0,5.0,0.2,0.6,
1100.0,30.0,0.8,1.25,0.0,0.0002680520632469631
1100.0,30.0,0.8,1.25,0.09999999999999999,7.085542897116379e-18
1100.0,30.0,0.8,1.25,0.19999999999999998,5.3367867612414265e-18
1100.0,30.0,0.8,1.25,0.3,4.6779975322535585e-18
1100.0,30.0,0.8,1.25,0.39999999999999997,4.39418656424065e-18
1100.0,30.0,0.8,1.25,0.49999999999999994,4.32328173799839e-18
1100.0,30.0,0.8,1.25,0.6,4.430600148684424e-18
1100.0,30.0,1.2666666666666666,0.7894736842105263,0.0,0.0002826144966642379
1100.0,30.0,1.2666666666666666,0.7894736842105263,0.09999999999999999,8.881525901477704e-18
1100.0,30.0,1.2666666666666666,0.7894736842105263,0.19999999999999998,6.681179617977564e-18
1100.0,30.0,1.2666666666666666,0.7894736842105263,0.3,5.8492460177313286e-18
1100.0,30.0,1.2666666666666666,0.7894736842105263,0.39999999999999997,5.4877281492850306e-18
1100.0,30.0,1.2666666666666666,0.7894736842105263,0.49999999999999994,5.39273732169703e-18
1100.0,30.0,1.2666666666666666,0.7894736842105263,0.6,5.520103133498633e-18
1100.0,30.0,1.7333333333333334,0.5769230769230769,0.0,0.0003025024149341491
1100.0,30.0,1.7333333333333334,0.5769230769230769,0.09999999999999999,1.0371021476458096e-17
1100.0,30.0,1.7333333333333334,0.5769230769230769,0.19999999999999998,7.797116725168695e-18
1100.0,30.0,1.7333333333333334,0.5769230769230769,0.3,6.822294118145741e-18
1100.0,30.0,1.7333333333333334,0.5769230769230769,0.39999999999999997,6.396987174978591e-18
1100.0,30.0,1.7333333333333334,0.5769230769230769,0.49999999999999994,6.282711727756469e-18
1100.0,30.0,1.7333333333333334,0.5769230769230769,0.6,6.427508034269222e-18
1100.0,30.0,2.2,0.45454545454545453,0.0,0.00032461203369836756
1100.0,30.0,2.2,0.45454545454545453,0.09999999999999999,1.1671960870682864e-17
1100.0,30.0,2.2,0.45454545454545453,0.19999999999999998,8.772223056819176e-18
1100.0,30.0,2.2,0.45454545454545453,0.3,7.672920896951233e-18
1100.0,30.0,2.2,0.45454545454545453,0.39999999999999997,7.192199218054703e-18
1100.0,30.0,2.2,0.45454545454545453,0.49999999999999994,7.061396284503446e-18
1100.0,30.0,2.2,0.45454545454545453,0.6,7.221785129482978e-18
1100.0,30.0,2.666666666666667,0.37499999999999994,0.0,0.00034787582786123636
1100.0,30.0,2.666666666666667,0.37499999999999994,0.09999999999999999,1.2841777706228273e-17
1100.0,30.0,2.666666666666667,0.37499999999999994,0.19999999999999998,9.649288341042083e-18
1100.0,30.0,2.666666666666667,0.37499999999999994,0.3,8.43823045111974e-18
1100.0,30.0,2.666666666666667,0.37499999999999994,0.39999999999999997,7.907845108942506e-18
1100.0,30.0,2.666666666666667,0.37499999999999994,0.49999999999999994,7.762355848532013e-18
1100.0,30.0,2.666666666666667,0.37499999999999994,0.6,7.936970541843868e-18
1100.0,30.0,3.1333333333333337,0.3191489361702127,0.0,0.00037201487990809684
1100.0,30.0,3.1333333333333337,0.3191489361702127,0.09999999999999999,1.391358468327866e-17
1100.0,30.0,3.1333333333333337,0.3191489361702127,0.19999999999999998,1.0453020310753751e-17
1100.0,30.0,3.1333333333333337,0.3191489361702127,0.3,9.139680038215034e-18
1100.0,30.0,3.1333333333333337,0.3191489361702127,0.39999999999999997,8.563895080019367e-18
1100.0,30.0,3.1333333333333337,0.3191489361702127,0.49999999999999994,8.405059140275397e-18
1100.0,30.0,3.1333333333333337,0.3191489361702127,0.6,8.592835521973449e-18
1100.0,30.0,3.5999999999999996,0.2777777777777778,0.0,0.00039721078532513836
1100.0,30.0,3.5999999999999996,0.2777777777777778,0.09999999999999999,1.4908535233788726e-17
1100.0,30.0,3.5999999999999996,0.2777777777777778,0.19999999999999998,1.1199218800637377e-17
1100.0,30.0,3.5999999999999996,0.2777777777777778,0.3,9.791004506960593e-18
1100.0,30.0,3.5999999999999996,0.2777777777777778,0.39999999999999997,9.173144696120166e-18
1100.0,30.0,3.5999999999999996,0.2777777777777778,0.49999999999999994,9.001992556302236e-18
1100.0,30.0,3.5999999999999996,0.2777777777777778,0.6,9.202072768307573e-18
1100.0,30.0,4.066666666666666,0.24590163934426232,0.0,0.0004205659486216385
1100.0,30.0,4.066666666666666,0.24590163934426232,0.09999999999999999,1.584111760238763e-17
1100.0,30.0,4.066666666666666,0.24590163934426232,0.19999999999999998,1.1898712950207985e-17
1100.0,30.0,4.066666666666666,0.24590163934426232,0.3,1.0401624263039744e-17
1100.0,30.0,4.066666666666666,0.24590163934426232,0.39999999999999997,9.744376239155515e-18
1100.0,30.0,4.066666666666666,0.24590163934426232,0.49999999999999994,9.561732103330055e-18
1100.0,30.0,4.066666666666666,0.24590163934426232,0.6,9.7734059651041e-18
1100.0,30.0,4.533333333333333,0.22058823529411764,0.0,0.00043907456123255556
1100.0,30.0,4.533333333333333,0.22058823529411764,0.09999999999999999,1.672176997109706e-17
1100.0,30.0,4.533333333333333,0.22058823529411764,0.19999999999999998,1.2559308818478515e-17
1100.0,30.0,4.533333333333333,0.22058823529411764,0.3,1.0978333451094629e-17
1100.0,30.0,4.533333333333333,0.22058823529411764,0.39999999999999997,1.0283926923330336e-17
1100.0,30.0,4.533333333333333,0.22058823529411764,0.49999999999999994,1.0090469347257392e-17
1100.0,30.0,4.533333333333333,0.22058823529411764,0.6,
1100.0,30.0,5.0,0.2,0.0,0.0004589964087733623
1100.0,30.0,5.0,0.2,0.09999999999999999,1.7558307863757345e-17
1100.0,30.0,5.0,0.2,0.19999999999999998,1.3186853533882296e-17
1100.0,30.0,5.0,0.2,0.3,1.1526223293744908e-17
1100.0,30.0,5.0,0.2,0.39999999999999997,1.0796547486975632e-17
1100.0,30.0,5.0,0.2,0.49999999999999994,
1100.0,30.0,5.0,0.2,0.6,
1100.0,50.0,0.8,1.25,0.0,0.0001320774998152162
1100.0,50.0,0.8,1.25,0.09999999999999999,5.4884379278739975e-18
1100.0,50.0,0.8,1.25,0.19999999999999998,4.133857249709652e-18
1100.0,50.0,0.8,1.25,0.3,3.623561307203485e-18
1100.0,50.0,0.8,1.25,0.39999999999999997,3.403722276686486e-18
1100.0,50.0,0.8,1.25,0.49999999999999994,3.348799634446084e-18
1100.0,50.0,0.8,1.25,0.6,3.4319281179117752e-18
1100.0,50.0,1.2666666666666666,0.7894736842105263,0.0,0.0001533340417614923
1100.0,50.0,1.2666666666666666,0.7894736842105263,0.09999999999999999,6.879600381066592e-18
1100.0,50.0,1.2666666666666666,0.7894736842105263,0.19999999999999998,5.175219478689508e-18
1100.0,50.0,1.2666666666666666,0.7894736842105263,0.3,4.530806482908696e-18
1100.0,50.0,1.2666666666666666,0.7894736842105263,0.39999999999999997,4.250775946138914e-18
1100.0,50.0,1.2666666666666666,0.7894736842105263,0.49999999999999994,4.177196367480756e-18
1100.0,50.0,1.2666666666666666,0.7894736842105263,0.6,4.275853501077518e-18
1100.0,50.0,1.7333333333333334,0.5769230769230769,0.0,0.00017374494548894555
1100.0,50.0,1.7333333333333334,0.5769230769230769,0.09999999999999999,8.033358692296332e-18
1100.0,50.0,1.7333333333333334,0.5769230769230769,0.19999999999999998,6.039620645002733e-18
1100.0,50.0,1.7333333333333334,0.5769230769230769,0.3,5.284526300501454e-18
1100.0,50.0,1.7333333333333334,0.5769230769230769,0.39999999999999997,4.9550849589189016e-18
1100.0,50.0,1.7333333333333334,0.5769230769230769,0.49999999999999994,4.866567578124566e-18
1100.0,50.0,1.7333333333333334,0.5769230769230769,0.6,4.978726314867814e-18
1100.0,50.0,2.2,0.45454545454545453,0.0,0.00019351504602191602
1100.0,50.0,2.2,0.45454545454545453,0.09999999999999999,9.04106201394787e-18
1100.0,50.0,2.2,0.45454545454545453,0.19999999999999998,6.794934761655477e-18
1100.0,50.0,2.2,0.45454545454545453,0.3,5.9434189701318005e-18
1100.0,50.0,2.2,0.45454545454545453,0.39999999999999997,5.571053558826375e-18
1100.0,50.0,2.2,0.45454545454545453,0.49999999999999994,5.469734042170555e-18
1100.0,50.0,2.2,0.45454545454545453,0.6,5.593970707275189e-18
1100.0,50.0,2.666666666666667,0.37499999999999994,0.0,0.00021286857286317436
1100.0,50.0,2.666666666666667,0.37499999999999994,0.09999999999999999,9.947198238383954e-18
1100.0,50.0,2.666666666666667,0.37499999999999994,0.19999999999999998,7.474306609521876e-18
1100.0,50.0,2.666666666666667,0.37499999999999994,0.3,6.5362252017294105e-18
1100.0,50.0,2.666666666666667,0.37499999999999994,0.39999999999999997,6.12539048226442e-18
1100.0,50.0,2.666666666666667,0.37499999999999994,0.49999999999999994,6.012694985740044e-18
1100.0,50.0,2.666666666666667,0.37499999999999994,0.6,6.1479509455800314e-18
1100.0,50.0,3.1333333333333337,0.3191489361702127,0.0,0.00023218170565149061
1100.0,50.0,3.1333333333333337,0.3191489361702127,0.09999999999999999,1.0777416352876968e-17
1100.0,50.0,3.1333333333333337,0.3191489361702127,0.19999999999999998,8.09687471622343e-18
1100.0,50.0,3.1333333333333337,0.3191489361702127,0.3,7.07956571553424e-18
1100.0,50.0,3.1333333333333337,0.3191489361702127,0.39999999999999997,6.633564604716528e-18
1100.0,50.0,3.1333333333333337,0.3191489361702127,0.49999999999999994,6.510530814835009e-18
1100.0,50.0,3.1333333333333337,0.3191489361702127,0.6,6.655981774660537e-18
1100.0,50.0,3.5999999999999996,0.2777777777777778,0.0,0.0002511999521039204
1100.0,50.0,3.5999999999999996,0.2777777777777778,0.09999999999999999,1.1548101735362048e-17
1100.0,50.0,3.5999999999999996,0.2777777777777778,0.19999999999999998,8.674877581080314e-18
1100.0,50.0,3.5999999999999996,0.2777777777777778,0.3,7.584079479620028e-18
1100.0,50.0,3.5999999999999996,0.2777777777777778,0.39999999999999997,7.105487328084859e-18
1100.0,50.0,3.5999999999999996,0.2777777777777778,0.49999999999999994,6.972913450648339e-18
1100.0,50.0,3.5999999999999996,0.2777777777777778,0.6,7.127894916448803e-18
1100.0,50.0,4.066666666666666,0.24590163934426232,0.0,0.00026554285882454735
1100.0,50.0,4.066666666666666,0.24590163934426232,0.09999999999999999,1.2270476931872086e-17
1100.0,50.0,4.066666666666666,0.24590163934426232,0.19999999999999998,9.21670341949161e-18
1100.0,50.0,4.066666666666666,0.24590163934426232,0.3,8.057063508851984e-18
1100.0,50.0,4.066666666666666,0.24590163934426232,0.39999999999999997,7.547961378685714e-18
1100.0,50.0,4.066666666666666,0.24590163934426232,0.49999999999999994,7.406485839418823e-18
1100.0,50.0,4.066666666666666,0.24590163934426232,0.6,7.57044770771448e-18
1100.0,50.0,4.533333333333333,0.22058823529411764,0.0,0.00028120327159696654
1100.0,50.0,4.533333333333333,0.22058823529411764,0.09999999999999999,1.2952627323434038e-17
1100.0,50.0,4.533333333333333,0.22058823529411764,0.19999999999999998,9.728398778768648e-18
1100.0,50.0,4.533333333333333,0.22058823529411764,0.3,8.503780525040259e-18
1100.0,50.0,4.533333333333333,0.22058823529411764,0.39999999999999997,7.965895541534494e-18
1100.0,50.0,4.533333333333333,0.22058823529411764,0.49999999999999994,7.81604394746886e-18
1100.0,50.0,4.533333333333333,0.22058823529411764,0.6,
1100.0,50.0,5.0,0.2,0.0,0.0002965977684979759
1100.0,50.0,5.0,0.2,0.09999999999999999,1.3600606788782985e-17
1100.0,50.0,5.0,0.2,0.19999999999999998,1.0214492825120511e-17
1100.0,50.0,5.0,0.2,0.3,8.928174172268406e-18
1100.0,50.0,5.0,0.2,0.39999999999999997,8.362969722718831e-18
1100.0,50.0,5.0,0.2,0.49999999999999994,
1100.0,50.0,5.0,0.2,0.6,
1100.0,70.0,0.8,1.25,0.0,8.181444417217482e-05
1100.0,70.0,0.8,1.25,0.09999999999999999,4.638576666556073e-18
1100.0,70.0,0.8,1.25,0.19999999999999998,3.493747043032437e-18
1100.0,70.0,0.8,1.25,0.3,3.0624682560526506e-18
1100.0,70.0,0.8,1.25,0.39999999999999997,2.8766703640558163e-18
1100.0,70.0,0.8,1.25,0.49999999999999994,2.8302522592854095e-18
1100.0,70.0,0.8,1.25,0.6,2.9005086507755674e-18
1100.0,70.0,1.2666666666666666,0.7894736842105263,0.0,0.00010077127822574252
1100.0,70.0,1.2666666666666666,0.7894736842105263,0.09999999999999999,5.814323532890354e-18
1100.0,70.0,1.2666666666666666,0.7894736842105263,0.19999999999999998,4.373858761568333e-18
1100.0,70.0,1.2666666666666666,0.7894736842105263,0.3,3.829230376381832e-18
1100.0,70.0,1.2666666666666666,0.7894736842105263,0.39999999999999997,3.592561376776939e-18
1100.0,70.0,1.2666666666666666,0.7894736842105263,0.49999999999999994,3.530375282812865e-18
1100.0,70.0,1.2666666666666666,0.7894736842105263,0.6,3.613755779031488e-18
1100.0,70.0,1.7333333333333334,0.5769230769230769,0.0,0.00011785654283757448
1100.0,70.0,1.7333333333333334,0.5769230769230769,0.09999999999999999,6.789427278554555e-18
1100.0,70.0,1.7333333333333334,0.5769230769230769,0.19999999999999998,5.104411085070248e-18
1100.0,70.0,1.7333333333333334,0.5769230769230769,0.3,4.466239887093551e-18
1100.0,70.0,1.7333333333333334,0.5769230769230769,0.39999999999999997,4.187811135571587e-18
1100.0,70.0,1.7333333333333334,0.5769230769230769,0.49999999999999994,4.113000294575829e-18
1100.0,70.0,1.7333333333333334,0.5769230769230769,0.6,4.2077917281393615e-18
1100.0,70.0,2.2,0.45454545454545453,0.0,0.00013385985619427957
1100.0,70.0,2.2,0.45454545454545453,0.09999999999999999,7.64109202835241e-18
1100.0,70.0,2.2,0.45454545454545453,0.19999999999999998,5.742768024415825e-18
1100.0,70.0,2.2,0.45454545454545453,0.3,5.023105830241069e-18
1100.0,70.0,2.2,0.45454545454545453,0.39999999999999997,4.708399618562556e-18
1100.0,70.0,2.2,0.45454545454545453,0.49999999999999994,4.622768997973852e-18
1100.0,70.0,2.2,0.45454545454545453,0.6,4.727768144080316e-18
1100.0,70.0,2.666666666666667,0.37499999999999994,0.0,0.00014923181504795612
1100.0,70.0,2.666666666666667,0.37499999999999994,0.09999999999999999,8.406916913798205e-18
1100.0,70.0,2.666666666666667,0.37499999999999994,0.19999999999999998,6.316942032182887e-18
1100.0,70.0,2.666666666666667,0.37499999999999994,0.3,5.524118539105367e-18
1100.0,70.0,2.666666666666667,0.37499999999999994,0.39999999999999997,5.176899827959335e-18
1100.0,70.0,2.666666666666667,0.37499999999999994,0.49999999999999994,5.081654749583015e-18
1100.0,70.0,2.666666666666667,0.37499999999999994,0.6,5.195966899519171e-18
1100.0,70.0,3.1333333333333337,0.3191489361702127,0.0,0.0001644256575330734
1100.0,70.0,3.1333333333333337,0.3191489361702127,0.09999999999999999,9.108579285614664e-18
1100.0,70.0,3.1333333333333337,0.3191489361702127,0.19999999999999998,6.843108116419982e-18
1100.0,70.0,3.1333333333333337,0.3191489361702127,0.3,5.983325086113897e-18
1100.0,70.0,3.1333333333333337,0.3191489361702127,0.39999999999999997,5.606385349692663e-18
1100.0,70.0,3.1333333333333337,0.3191489361702127,0.49999999999999994,5.502402818698924e-18
1100.0,70.0,3.1333333333333337,0.3191489361702127,0.6,5.6253313162498155e-18
1100.0,70.0,3.5999999999999996,0.2777777777777778,0.0,0.00017697217338542238
1100.0,70.0,3.5999999999999996,0.2777777777777778,0.09999999999999999,9.759927315679e-18
1100.0,70.0,3.5999999999999996,0.2777777777777778,0.19999999999999998,7.33160969689905e-18
1100.0,70.0,3.5999999999999996,0.2777777777777778,0.3,6.4097170404001e-18
1100.0,70.0,3.5999999999999996,0.2777777777777778,0.39999999999999997,6.0052328472504804e-18
1100.0,70.0,3.5999999999999996,0.2777777777777778,0.49999999999999994,5.893187470669146e-18
1100.0,70.0,3.5999999999999996,0.2777777777777778,0.6,6.02417071589447e-18
1100.0,70.0,4.066666666666666,0.24590163934426232,0.0,0.000189522343413897
1100.0,70.0,4.066666666666666,0.24590163934426232,0.09999999999999999,1.0370445786519809e-17
1100.0,70.0,4.066666666666666,0.24590163934426232,0.19999999999999998,7.789536109554202e-18
1100.0,70.0,4.066666666666666,0.24590163934426232,0.3,6.8094615051241255e-18
1100.0,70.0,4.066666666666666,0.24590163934426232,0.39999999999999997,6.379191673722752e-18
1100.0,70.0,4.066666666666666,0.24590163934426232,0.49999999999999994,6.259623019771328e-18
1100.0,70.0,4.066666666666666,0.24590163934426232,0.6,6.398196090374639e-18
1100.0,70.0,4.533333333333333,0.22058823529411764,0.0,0.0002017533803576802
1100.0,70.0,4.533333333333333,0.22058823529411764,0.09999999999999999,1.0946968092313115e-17
1100.0,70.0,4.533333333333333,0.22058823529411764,0.19999999999999998,8.221997619572027e-18
1100.0,70.0,4.533333333333333,0.22058823529411764,0.3,7.187006292015273e-18
1100.0,70.0,4.533333333333333,0.22058823529411764,0.39999999999999997,6.732410509650799e-18
1100.0,70.0,4.533333333333333,0.22058823529411764,0.49999999999999994,6.605762797348377e-18
1100.0,70.0,4.533333333333333,0.22058823529411764,0.6,
1100.0,70.0,5.0,0.2,0.0,0.0002135939880717563
1100.0,70.0,5.0,0.2,0.09999999999999999,1.1494610694429486e-17
1100.0,70.0,5.0,0.2,0.19999999999999998,8.632822071044504e-18
1100.0,70.0,5.0,0.2,0.3,7.545684388649894e-18
1100.0,70.0,5.0,0.2,0.39999999999999997,7.067999443321583e-18
1100.0,70.0,5.0,0.2,0.49999999999999994,
1100.0,70.0,5.0,0.2,0.6,
1100.0,90.0,0.8,1.25,0.0,5.6441593057981065e-05
1100.0,90.0,0.8,1.25,0.09999999999999999,4.090840099004783e-18
1100.0,90.0,0.8,1.25,0.19999999999999998,3.081195273210369e-18
1100.0,90.0,0.8,1.25,0.3,2.7008431345149967e-18
1100.0,90.0,0.8,1.25,0.39999999999999997,2.536984795733776e-18
1100.0,90.0,0.8,1.25,0.49999999999999994,2.4960478752159634e-18
1100.0,90.0,0.8,1.25,0.6,2.5580081885145486e-18
1100.0,90.0,1.2666666666666666,0.7894736842105263,0.0,7.239278498867372e-05
1100.0,90.0,1.2666666666666666,0.7894736842105263,0.09999999999999999,5.127751370032786e-18
1100.0,90.0,1.2666666666666666,0.7894736842105263,0.19999999999999998,3.857380850943588e-18
1100.0,90.0,1.2666666666666666,0.7894736842105263,0.3,3.377063762893528e-18
1100.0,90.0,1.2666666666666666,0.7894736842105263,0.39999999999999997,3.1683413242291994e-18
1100.0,90.0,1.2666666666666666,0.7894736842105263,0.49999999999999994,3.113498344350721e-18
1100.0,90.0,1.2666666666666666,0.7894736842105263,0.6,3.1870330300799332e-18
1100.0,90.0,1.7333333333333334,0.5769230769230769,0.0,8.648093172016318e-05
1100.0,90.0,1.7333333333333334,0.5769230769230769,0.09999999999999999,5.9877120412044704e-18
1100.0,90.0,1.7333333333333334,0.5769230769230769,0.19999999999999998,4.501667440179079e-18
1100.0,90.0,1.7333333333333334,0.5769230769230769,0.3,3.938853345602244e-18
1100.0,90.0,1.7333333333333334,0.5769230769230769,0.39999999999999997,3.6933022674764725e-18
1100.0,90.0,1.7333333333333334,0.5769230769230769,0.49999999999999994,3.627325307261015e-18
1100.0,90.0,1.7333333333333334,0.5769230769230769,0.6,3.710923493803818e-18
1100.0,90.0,2.2,0.45454545454545453,0.0,9.950534439620574e-05
1100.0,90.0,2.2,0.45454545454545453,0.09999999999999999,6.738809750659529e-18
1100.0,90.0,2.2,0.45454545454545453,0.19999999999999998,5.064645343245993e-18
1100.0,90.0,2.2,0.45454545454545453,0.3,4.4299629453254996e-18
1100.0,90.0,2.2,0.45454545454545453,0.39999999999999997,4.1524181546092995e-18
1100.0,90.0,2.2,0.45454545454545453,0.49999999999999994,4.076899045712687e-18
1100.0,90.0,2.2,0.45454545454545453,0.6,4.169499588536634e-18
1100.0,90.0,2.666666666666667,0.37499999999999994,0.0,0.0001119495176698012
1100.0,90.0,2.666666666666667,0.37499999999999994,0.09999999999999999,7.414203815564228e-18
1100.0,90.0,2.666666666666667,0.37499999999999994,0.19999999999999998,5.571019221188964e-18
1100.0,90.0,2.666666666666667,0.37499999999999994,0.3,4.871814622438079e-18
1100.0,90.0,2.666666666666667,0.37499999999999994,0.39999999999999997,4.565596502357821e-18
1100.0,90.0,2.666666666666667,0.37499999999999994,0.49999999999999994,4.481598238695623e-18
1100.0,90.0,2.666666666666667,0.37499999999999994,0.6,4.582412078883687e-18
1100.0,90.0,3.1333333333333337,0.3191489361702127,0.0,0.00012365347858869395
1100.0,90.0,3.1333333333333337,0.3191489361702127,0.09999999999999999,8.033011862283588e-18
1100.0,90.0,3.1333333333333337,0.3191489361702127,0.19999999999999998,6.035054090258303e-18
1100.0,90.0,3.1333333333333337,0.3191489361702127,0.3,5.276796730370499e-18
1100.0,90.0,3.1333333333333337,0.3191489361702127,0.39999999999999997,4.9443671297608924e-18
1100.0,90.0,3.1333333333333337,0.3191489361702127,0.49999999999999994,4.852663157192725e-18
1100.0,90.0,3.1333333333333337,0.3191489361702127,0.6,4.961075901713549e-18
1100.0,90.0,3.5999999999999996,0.2777777777777778,0.0,0.00013382363206777785
1100.0,90.0,3.5999999999999996,0.2777777777777778,0.09999999999999999,8.607446830450942e-18
1100.0,90.0,3.5999999999999996,0.2777777777777778,0.19999999999999998,6.465871989261508e-18
1100.0,90.0,3.5999999999999996,0.2777777777777778,0.3,5.652839087730538e-18
1100.0,90.0,3.5999999999999996,0.2777777777777778,0.39999999999999997,5.296117559620367e-18
1100.0,90.0,3.5999999999999996,0.2777777777777778,0.49999999999999994,5.1973028256241036e-18
1100.0,90.0,3.5999999999999996,0.2777777777777778,0.6,5.312819189884903e-18
1100.0,90.0,4.066666666666666,0.24590163934426232,0.0,0.00014396461159232868
1100.0,90.0,4.066666666666666,0.24590163934426232,0.09999999999999999,9.145873512003016e-18
1100.0,90.0,4.066666666666666,0.24590163934426232,0.19999999999999998,6.869725124812668e-18
1100.0,90.0,4.066666666666666,0.24590163934426232,0.3,6.005380568275339e-18
1100.0,90.0,4.066666666666666,0.24590163934426232,0.39999999999999997,5.62591824476143e-18
1100.0,90.0,4.066666666666666,0.24590163934426232,0.49999999999999994,5.5204686037766936e-18
1100.0,90.0,4.066666666666666,0.24590163934426232,0.6,5.642678564852346e-18
1100.0,90.0,4.533333333333333,0.22058823529411764,0.0,0.0001537469043023967
1100.0,90.0,4.533333333333333,0.22058823529411764,0.09999999999999999,9.654318394139887e-18
1100.0,90.0,4.533333333333333,0.22058823529411764,0.19999999999999998,7.25112032718421e-18
1100.0,90.0,4.533333333333333,0.22058823529411764,0.3,6.338343773242957e-18
1100.0,90.0,4.533333333333333,0.22058823529411764,0.39999999999999997,5.9374279775112094e-18
1100.0,90.0,4.533333333333333,0.22058823529411764,0.49999999999999994,5.825735193888724e-18
1100.0,90.0,4.533333333333333,0.22058823529411764,0.6,
1100.0,90.0,5.0,0.2,0.0,0.00016321611832792639
1100.0,90.0,5.0,0.2,0.09999999999999999,1.0137293771654627e-17
1100.0,90.0,5.0,0.2,0.19999999999999998,7.613433437551111e-18
1100.0,90.0,5.0,0.2,0.3,6.654668121383357e-18
1100.0,90.0,5.0,0.2,0.39999999999999997,6.233389597923958e-18
1100.0,90.0,5.0,0.2,0.49999999999999994,
1100.0,90.0,5.0,0.2,0.6,
